-- phpMyAdmin SQL Dump
-- version 4.6.5.2
-- https://www.phpmyadmin.net/
--
-- Máy chủ: 127.0.0.1
-- Thời gian đã tạo: Th2 25, 2017 lúc 04:35 SA
-- Phiên bản máy phục vụ: 10.1.21-MariaDB
-- Phiên bản PHP: 5.6.30

SET SQL_MODE = "NO_AUTO_VALUE_ON_ZERO";
SET time_zone = "+00:00";


/*!40101 SET @OLD_CHARACTER_SET_CLIENT=@@CHARACTER_SET_CLIENT */;
/*!40101 SET @OLD_CHARACTER_SET_RESULTS=@@CHARACTER_SET_RESULTS */;
/*!40101 SET @OLD_COLLATION_CONNECTION=@@COLLATION_CONNECTION */;
/*!40101 SET NAMES utf8mb4 */;

--
-- Cơ sở dữ liệu: `blog24`
--

-- --------------------------------------------------------

--
-- Cấu trúc bảng cho bảng `categories`
--

CREATE TABLE `categories` (
  `id` int(10) UNSIGNED NOT NULL,
  `name` varchar(191) COLLATE utf8mb4_unicode_ci NOT NULL,
  `cate_group_id` int(10) UNSIGNED NOT NULL,
  `alias` varchar(191) COLLATE utf8mb4_unicode_ci NOT NULL,
  `keywords` varchar(191) COLLATE utf8mb4_unicode_ci NOT NULL,
  `description` varchar(191) COLLATE utf8mb4_unicode_ci NOT NULL,
  `created_at` timestamp NULL DEFAULT NULL,
  `updated_at` timestamp NULL DEFAULT NULL
) ENGINE=InnoDB DEFAULT CHARSET=utf8mb4 COLLATE=utf8mb4_unicode_ci;

--
-- Đang đổ dữ liệu cho bảng `categories`
--

INSERT INTO `categories` (`id`, `name`, `cate_group_id`, `alias`, `keywords`, `description`, `created_at`, `updated_at`) VALUES
(1, 'PHP', 1, 'php', 'PHP', 'PHP', '2017-02-22 17:17:43', '2017-02-22 17:17:43'),
(2, 'Laravel', 1, 'laravel', 'Laravel', 'Laravel', '2017-02-22 17:17:55', '2017-02-22 17:17:55'),
(3, 'Công nghệ', 2, 'cong-nghe', 'Công nghệ', 'Công nghệ', '2017-02-23 01:24:45', '2017-02-23 01:24:45'),
(4, 'Showbiz', 4, 'showbiz', 'Showbiz', 'Showbiz', '2017-02-23 07:52:45', '2017-02-23 07:52:45'),
(5, 'Mạng máy tính', 3, 'mang-may-tinh', 'Mạng máy tính', 'Mạng máy tính', '2017-02-24 09:36:26', '2017-02-24 09:36:26');

-- --------------------------------------------------------

--
-- Cấu trúc bảng cho bảng `cate_groups`
--

CREATE TABLE `cate_groups` (
  `id` int(10) UNSIGNED NOT NULL,
  `name` varchar(191) COLLATE utf8mb4_unicode_ci NOT NULL,
  `alias` varchar(191) COLLATE utf8mb4_unicode_ci NOT NULL,
  `keywords` varchar(191) COLLATE utf8mb4_unicode_ci NOT NULL,
  `description` varchar(191) COLLATE utf8mb4_unicode_ci NOT NULL,
  `created_at` timestamp NULL DEFAULT NULL,
  `updated_at` timestamp NULL DEFAULT NULL,
  `status` tinyint(4) NOT NULL
) ENGINE=InnoDB DEFAULT CHARSET=utf8mb4 COLLATE=utf8mb4_unicode_ci;

--
-- Đang đổ dữ liệu cho bảng `cate_groups`
--

INSERT INTO `cate_groups` (`id`, `name`, `alias`, `keywords`, `description`, `created_at`, `updated_at`, `status`) VALUES
(1, 'Lập trình', 'lap-trinh', 'Lập trình', 'Lập trình', '2017-02-22 17:16:59', '2017-02-22 17:16:59', 1),
(2, 'Thủ thuật', 'thu-thuat', 'Thủ thuật', 'Thủ thuật', '2017-02-22 17:17:12', '2017-02-22 17:17:12', 0),
(3, 'Mạng máy tính', 'mang-may-tinh', 'Mạng máy tính', 'Mạng máy tính', '2017-02-22 17:17:26', '2017-02-22 17:17:26', 0),
(4, 'Giải trí', 'giai-tri', 'Giải trí', 'Giải trí', '2017-02-23 01:23:15', '2017-02-23 01:24:31', 0);

-- --------------------------------------------------------

--
-- Cấu trúc bảng cho bảng `migrations`
--

CREATE TABLE `migrations` (
  `id` int(10) UNSIGNED NOT NULL,
  `migration` varchar(191) COLLATE utf8mb4_unicode_ci NOT NULL,
  `batch` int(11) NOT NULL
) ENGINE=InnoDB DEFAULT CHARSET=utf8mb4 COLLATE=utf8mb4_unicode_ci;

--
-- Đang đổ dữ liệu cho bảng `migrations`
--

INSERT INTO `migrations` (`id`, `migration`, `batch`) VALUES
(1, '2014_10_12_000000_create_users_table', 1),
(2, '2014_10_12_100000_create_password_resets_table', 1),
(3, '2017_02_22_035812_create_table_cate_groups', 1),
(4, '2017_02_21_021312_create_table_categories', 2),
(5, '2017_02_22_081605_add_column_status_table_cate_groups', 2),
(6, '2017_02_21_021329_create_table_news', 3),
(7, '2017_02_22_121018_add_column_status_table_news', 3);

-- --------------------------------------------------------

--
-- Cấu trúc bảng cho bảng `news`
--

CREATE TABLE `news` (
  `id` int(10) UNSIGNED NOT NULL,
  `category_id` int(10) UNSIGNED NOT NULL,
  `title` varchar(191) COLLATE utf8mb4_unicode_ci NOT NULL,
  `alias` varchar(191) COLLATE utf8mb4_unicode_ci NOT NULL,
  `source` varchar(191) COLLATE utf8mb4_unicode_ci NOT NULL,
  `image` varchar(191) COLLATE utf8mb4_unicode_ci NOT NULL,
  `description` text COLLATE utf8mb4_unicode_ci NOT NULL,
  `content` longtext COLLATE utf8mb4_unicode_ci NOT NULL,
  `created_at` timestamp NULL DEFAULT NULL,
  `updated_at` timestamp NULL DEFAULT NULL,
  `status` tinyint(4) NOT NULL
) ENGINE=InnoDB DEFAULT CHARSET=utf8mb4 COLLATE=utf8mb4_unicode_ci;

--
-- Đang đổ dữ liệu cho bảng `news`
--

INSERT INTO `news` (`id`, `category_id`, `title`, `alias`, `source`, `image`, `description`, `content`, `created_at`, `updated_at`, `status`) VALUES
(1, 1, 'Phần 1: Khái niệm sơ lược, cấu hình và cách cài đặt PHP', 'phan-1-khai-niem-so-luoc-cau-hinh-va-cach-cai-dat-php', 'http://www.php.com.vn', '2hzv_2AgY_cake-php-features.jpg', 'PHP (Hypertext Preprocessor) là ngôn ngữ script trên server được thiết kế để dễ dàng xây dựng các trang Web động. Mã PHP có thể thực thi trên Webserver để tạo ra mã HTML và xuất ra trình duyệt web theo yêu cầu của người sử dụng.', '<p>Ng&ocirc;n ngữ PHP ra đời năm 1994 Rasmus Lerdorf sau đ&oacute; được ph&aacute;t triển bởi nhiều người trải qua nhiều phi&ecirc;n bản. Phi&ecirc;n bản hiện tại l&agrave; PHP 5 đ&atilde; được c&ocirc;ng bố 7/2004.</p>\r\n\r\n<p>C&oacute; nhiều l&yacute; do khiến cho việc sử dụng ng&ocirc;n ngữ n&agrave;y chiếm ưu thế xin n&ecirc;u ra đ&acirc;y một số l&yacute; do cơ bản :</p>\r\n\r\n<p>&ndash; M&atilde; nguồn mở (open source code)</p>\r\n\r\n<p>&ndash; Miễn ph&iacute;, download dễ d&agrave;ng từ Internet.</p>\r\n\r\n<p>&ndash; Ng&ocirc;n ngữ rất dễ học, dễ viết.</p>\r\n\r\n<p>&ndash; M&atilde; nguồn kh&ocirc;ng phải sửa lại nhiều khi viết chạy cho c&aacute;c hệ điều h&agrave;nh từ Windows, Linux, Unix</p>\r\n\r\n<p>&ndash; Rất đơn giản trong việc kết nối với nhiều nguồn DBMS, v&iacute; dụ như : MySQL, Microsoft SQL Server 2000, Oracle, PostgreSQL, Adabas, dBase, Empress, FilePro, Informix, InterBase, mSQL, Solid, Sybase, Velocis v&agrave; nhiều hệ thống CSDL thuộc Hệ Điều H&agrave;nh Unix (Unix dbm) c&ugrave;ng bất cứ DBMS n&agrave;o c&oacute; sự hổ trợ cơ chế ODBC (Open Database Connectivity) v&iacute; dụ như DB2 của IBM.</p>\r\n\r\n<p><strong>C&agrave;i đặt PHP, Apache, MYSQL</strong></p>\r\n\r\n<p>Để c&agrave;i đặt PHP, c&aacute;c bạn c&oacute; thể c&agrave;i đặt từng g&oacute;i ri&ecirc;ng lẻ (PHP, Apache, Mysql). Tuy nhi&ecirc;n, t&ocirc;i vẫn khuyến kh&iacute;ch c&aacute;c bạn c&agrave;i đặt dạng g&oacute;i t&iacute;ch hợp. Sẽ tiện lợi cho việc sau n&agrave;y hơn rất nhiều.</p>\r\n\r\n<p>G&oacute;i phần mềm m&agrave; t&ocirc;i chọn l&agrave; : Appserv &ndash; Win &ndash; 2.5.8 (T&ecirc;n phần mềm l&agrave; Appserv, d&agrave;nh cho phi&ecirc;n bản window, phi&ecirc;n bản 2.5.8).</p>\r\n\r\n<p><strong>Bước 1:</strong>&nbsp;Bạn c&agrave;i đặt b&igrave;nh thường bằng c&aacute;ch nhấp v&agrave;o file exe.</p>\r\n\r\n<p><strong>Bước 2:</strong>&nbsp;Phần mềm sẽ cho bạn chọn cần c&agrave;i những module n&agrave;o. H&atilde;y giữ nguy&ecirc;n tất cả như h&igrave;nh dưới v&agrave; nhấn next.</p>\r\n\r\n<p><img alt=\"appserv 01 Phần 1: Khái niệm sơ lược, cấu hình và cách cài đặt PHP\" src=\"http://www.php.com.vn/images/post/2014/01/28/17/107/appserv_01.jpg\" title=\"Phần 1: Khái niệm sơ lược, cấu hình và cách cài đặt PHP\" /><br />\r\n<strong>Bước 3:</strong>&nbsp;Trong giao diện dưới:</p>\r\n\r\n<p><img alt=\"appserv 02 Phần 1: Khái niệm sơ lược, cấu hình và cách cài đặt PHP\" src=\"http://www.php.com.vn/images/post/2014/01/28/17/107/appserv_02.jpg\" title=\"Phần 1: Khái niệm sơ lược, cấu hình và cách cài đặt PHP\" /></p>\r\n\r\n<p>Server Name: bạn nhập v&agrave;o: localhost</p>\r\n\r\n<p>Email: Bạn nhập v&agrave;o email của bạn:</p>\r\n\r\n<p>Port: Mặc định l&agrave; 80, tuy nhi&ecirc;n nếu m&aacute;y bạn đ&atilde; c&agrave;i IIS th&igrave; c&oacute; thể chỉnh th&agrave;nh 81 để chạy dịch vụ b&ecirc;n appserv.</p>\r\n\r\n<p>Nhấn next để qua trang kế tiếp.</p>\r\n\r\n<p><strong>Bước 4:</strong>&nbsp;Trong giao diện b&ecirc;n dưới ta điền th&ocirc;ng tin như sau:</p>\r\n\r\n<p><img alt=\"appserv 03 Phần 1: Khái niệm sơ lược, cấu hình và cách cài đặt PHP\" src=\"http://www.php.com.vn/images/post/2014/01/28/17/107/appserv_03.jpg\" title=\"Phần 1: Khái niệm sơ lược, cấu hình và cách cài đặt PHP\" /></p>\r\n\r\n<p>Enter root password: Bạn g&otilde; v&agrave;o root</p>\r\n\r\n<p>Re-enter root password: nhập lại 1 lần nữa root</p>\r\n\r\n<p>C&aacute;c cấu h&igrave;nh b&ecirc;n dưỡi giữ nguy&ecirc;n.</p>\r\n\r\n<p>Ở phần: Enable InnoDB bạn đ&aacute;nh dấu v&agrave;o. Để MYSQL sử l&yacute; được c&aacute;c ứng dụng c&oacute; bật chế độ InnoDB.</p>\r\n\r\n<p>Nhấn next để ho&agrave;n tất việc c&agrave;i đặt.</p>\r\n\r\n<p>Sau khi c&agrave;i đặt xong bạn g&otilde; v&agrave;o tr&igrave;nh duyệt : http://localhost</p>\r\n\r\n<p>m&agrave; ra giao diện b&ecirc;n dưới, tức l&agrave; bạn đ&atilde; c&agrave;i đặt th&agrave;nh c&ocirc;ng appserv.</p>\r\n\r\n<p><img alt=\"appserv 04 Phần 1: Khái niệm sơ lược, cấu hình và cách cài đặt PHP\" src=\"http://www.php.com.vn/images/post/2014/01/28/17/107/appserv_04.jpg\" title=\"Phần 1: Khái niệm sơ lược, cấu hình và cách cài đặt PHP\" /></p>\r\n\r\n<p>Như vậy l&agrave; bạn đ&atilde; c&agrave;i đặt PHP th&agrave;nh c&ocirc;ng.</p>', '2017-02-22 17:19:49', '2017-02-25 01:18:03', 1),
(2, 1, 'Phần 2: Những kiến thức căn bản tổng quan về lập trình PHP', 'phan-2-nhung-kien-thuc-can-ban-tong-quan-ve-lap-trinh-php', 'http://www.php.com.vn', 'pMMd_2AgY_cake-php-features.jpg', 'Ở bài trước chúng ta đã tìm hiểu về cách thức cấu hình và cài đặt PHP. Tiếp theo chúng ta sẽ nghiên cứu về cấu trúc cơ bản trong PHP. Về tổng quan PHP có cú pháp khá tương đồng với 1 số ngôn ngữ như C, java. Tuy nhiên, tự bản thân chúng cũng có những điểm rất riêng biệt.', '<p>1- Cấu tr&uacute;c cơ bản:</p>\r\n\r\n<p>PHP cũng c&oacute; thẻ bắt đầu v&agrave; kết th&uacute;c giống với ng&ocirc;n ngữ HTML. Chỉ kh&aacute;c, đối với PHP ch&uacute;ng ta c&oacute; nhiều c&aacute;ch để thể hiện.</p>\r\n\r\n<p><strong>C&aacute;ch 1 :&nbsp;</strong>C&uacute; ph&aacute;p ch&iacute;nh:</p>\r\n\r\n<p><!--?php Mã lệnh PHP ?--></p>\r\n\r\n<p><strong>C&aacute;ch 2:&nbsp;</strong>C&uacute; ph&aacute;p ngắn gọn</p>\r\n\r\n<p><!--? Mã lệnh PHP ?--></p>\r\n\r\n<p><strong>C&aacute;ch 3:</strong>&nbsp;C&uacute; ph&aacute;p giống với ASP.</p>\r\n\r\n<p>&lt;% M&atilde; lệnh PHP %&gt;</p>\r\n\r\n<p><strong>C&aacute;ch 4:&nbsp;</strong>C&uacute; ph&aacute;p bắt đầu bằng script</p>\r\n\r\n<p>&nbsp;</p>\r\n\r\n<p>Mặc d&ugrave; c&oacute; 4 c&aacute;ch thể hiện. Nhưng đối với 1 lập tr&igrave;nh vi&ecirc;n c&oacute; kinh nghiệm th&igrave; việc sử dụng c&aacute;ch 1 vẫn l&agrave; lựa chon tối ưu.</p>\r\n\r\n<p>Trong PHP để kết th&uacute;c 1 d&ograve;ng lệnh ch&uacute;ng ta sử dụng dấu &ldquo;;&rdquo;</p>\r\n\r\n<p>Để ch&uacute; th&iacute;ch 1 đoạn dữ liệu n&agrave;o đ&oacute; trong PHP ta sử dụng dấu &ldquo;//&rdquo; cho từng d&ograve;ng. Hoặc d&ugrave;ng cặp thẻ &ldquo;/*&hellip;&hellip;..*/&rdquo; cho từng cụm m&atilde; lệnh.</p>\r\n\r\n<p><img alt=\"php bai 2 01 Phần 2: Những kiến thức căn bản tổng quan về lập trình PHP\" src=\"http://www.php.com.vn/images/post/2014/01/28/17//php_bai_2_01.gif\" title=\"Phần 2: Những kiến thức căn bản tổng quan về lập trình PHP\" /></p>\r\n\r\n<p>2- Xuất gi&aacute; trị ra tr&igrave;nh duyệt:</p>\r\n\r\n<p>Để xuất dữ liệu ra tr&igrave;nh duyệt ch&uacute;ng ta c&oacute; những d&ograve;ng c&uacute; ph&aacute;p sau :</p>\r\n\r\n<p>+ Echo &ldquo;Th&ocirc;ng tin&rdquo;;</p>\r\n\r\n<p>+ Printf &ldquo;Th&ocirc;ng tin&rdquo;;</p>\r\n\r\n<p>Th&ocirc;ng tin bao gồm : biến, chuỗi, hoặc lệnh HTML &hellip;.</p>\r\n\r\n<p><img alt=\"php bai 2 02 Phần 2: Những kiến thức căn bản tổng quan về lập trình PHP\" src=\"http://www.php.com.vn/images/post/2014/01/28/17//php_bai_2_02.gif\" title=\"Phần 2: Những kiến thức căn bản tổng quan về lập trình PHP\" /></p>\r\n\r\n<p>Nễu giữa hai chuỗi muốn li&ecirc;n kết với nhau ta sử dụng dấu &ldquo;.&rdquo;</p>\r\n\r\n<p><img alt=\"php bai 2 03 Phần 2: Những kiến thức căn bản tổng quan về lập trình PHP\" src=\"http://www.php.com.vn/images/post/2014/01/28/17//php_bai_2_03.gif\" title=\"Phần 2: Những kiến thức căn bản tổng quan về lập trình PHP\" /></p>\r\n\r\n<p>3- Kh&aacute;i niệm biến, hằng, chuỗi v&agrave; c&aacute;c kiểu dữ liệu.</p>\r\n\r\n<p>a) Biến trong PHP.</p>\r\n\r\n<p>Biến được xem l&agrave; v&ugrave;ng nhớ dữ liệu tạm thời. V&agrave; gi&aacute; trị c&oacute; thể thay đổi được. Biến được bắt đầu bằng k&yacute; hiệu &ldquo;$&rdquo;. V&agrave; theo sau ch&uacute;ng l&agrave; 1 từ, 1 cụm từ nhưng phải viết liền hoặc c&oacute; gạch dưới.</p>\r\n\r\n<p>1 biến được xem l&agrave; hợp lệ khi n&oacute; thỏa c&aacute;c yếu tố :</p>\r\n\r\n<p>+ T&ecirc;n của biến phải bắt đầu bằng dấu gạch dưới v&agrave; theo sau l&agrave; c&aacute;c k&yacute; tự, số hay dấu gạch dưới.</p>\r\n\r\n<p>+ T&ecirc;n của biến kh&ocirc;ng được ph&eacute;p tr&ugrave;ng với c&aacute;c từ kh&oacute;a của PHP.</p>\r\n\r\n<p>Trong PHP để sử dụng 1 biến ch&uacute;ng ta thường phải khai b&aacute;o trước, tuy nhi&ecirc;n đối với c&aacute;c lập tr&igrave;nh vi&ecirc;n khi sử dụng họ thường xử l&yacute; c&ugrave;ng một l&uacute;c c&aacute;c c&ocirc;ng việc, nghĩa l&agrave; vừa kh&aacute;i b&aacute;o vừa g&aacute;n dữ liệu cho biến.</p>\r\n\r\n<p>Bản th&acirc;n biến cũng c&oacute; thể g&atilde;n cho c&aacute;c kiểu dữ liệu kh&aacute;c. V&agrave; t&ugrave;y theo &yacute; định của người lập tr&igrave;nh mong muốn tr&ecirc;n ch&uacute;ng.</p>\r\n\r\n<p>Một số v&iacute; dụ về biến :</p>\r\n\r\n<p><img alt=\"php bai 2 04 Phần 2: Những kiến thức căn bản tổng quan về lập trình PHP\" src=\"http://www.php.com.vn/images/post/2014/01/28/17//php_bai_2_04.gif\" title=\"Phần 2: Những kiến thức căn bản tổng quan về lập trình PHP\" /></p>\r\n\r\n<p>b) Kh&aacute;i niệm về hằng trong PHP.</p>\r\n\r\n<p>Nếu biến l&agrave; c&aacute;i c&oacute; thể thay đổi được th&igrave; ngược lại hằng l&agrave; c&aacute;i ch&uacute;ng ta kh&ocirc;ng thể thay đổi được. Hằng trong PHP được định nghĩa bởi h&agrave;m define theo c&uacute; ph&aacute;p: define (string t&ecirc;n_hằng, gi&aacute;_trị_hằng ).</p>\r\n\r\n<p>Cũng giống với biến hằng được xem l&agrave; hợp lệ th&igrave; ch&uacute;ng phải đ&aacute;p ứng 1 số yếu tố :</p>\r\n\r\n<p>+ Hằng kh&ocirc;ng c&oacute; dấu &ldquo;$&rdquo; ở trước t&ecirc;n.</p>\r\n\r\n<p>+ Hằng c&oacute; thể truy cập bất cứ vị tr&iacute; n&agrave;o trong m&atilde; lệnh</p>\r\n\r\n<p>+ Hằng chỉ được ph&eacute;p g&aacute;n gi&aacute; trị duy nhất 1 lần.</p>\r\n\r\n<p>+ Hằng thường viết bằng chữ in để ph&acirc;n biệt với biến</p>\r\n\r\n<p>V&iacute; dụ :</p>\r\n\r\n<p><img alt=\"php bai 2 05 Phần 2: Những kiến thức căn bản tổng quan về lập trình PHP\" src=\"http://www.php.com.vn/images/post/2014/01/28/17//php_bai_2_05.gif\" title=\"Phần 2: Những kiến thức căn bản tổng quan về lập trình PHP\" /></p>\r\n\r\n<p>c) Kh&aacute;i niệm về chuỗi:</p>\r\n\r\n<p>Chuỗi l&agrave; một nh&oacute;m c&aacute;c kỹ tự, số, khoảng trắng, dấu ngắt được đặt trong c&aacute;c dấu nh&aacute;y.</p>\r\n\r\n<p>V&iacute; dụ:</p>\r\n\r\n<p>&lsquo;Huy&rsquo;</p>\r\n\r\n<p>&ldquo;welcome to VietNam&rdquo;</p>\r\n\r\n<p>Để tạo 1 biễn chuỗi, ch&uacute;ng ta phải g&aacute;n gi&aacute; trị chuỗi cho 1 biến hợp lệ.</p>\r\n\r\n<p>V&iacute; dụ:</p>\r\n\r\n<p>$fisrt_name= &ldquo;Nguyen&rdquo;;</p>\r\n\r\n<p>$last_name= &lsquo;Van A&rsquo;;</p>\r\n\r\n<p>Để li&ecirc;n kết 1 chuỗi v&agrave; 1 biến ch&uacute;ng ta thường sử dụng dấu &ldquo;.&rdquo;</p>\r\n\r\n<p>V&iacute; dụ:</p>\r\n\r\n<p><img alt=\"php bai 2 06 Phần 2: Những kiến thức căn bản tổng quan về lập trình PHP\" src=\"http://www.php.com.vn/images/post/2014/01/28/17//php_bai_2_06.gif\" title=\"Phần 2: Những kiến thức căn bản tổng quan về lập trình PHP\" /></p>\r\n\r\n<p>d) Kiểu dữ liệu trong PHP</p>\r\n\r\n<p>C&aacute;c kiểu dữ liệu kh&aacute;c nhau chiếm c&aacute;c lượng bộ nhớ kh&aacute;c nhau v&agrave; c&oacute; thể được xử l&yacute; theo c&aacute;ch kh&aacute;c nhau khi ch&uacute;ng được theo t&aacute;c trong 1 script.</p>\r\n\r\n<p>Trong PHP ch&uacute;ng ta c&oacute; 6 kiểu dữ liệu ch&iacute;nh như sau :</p>\r\n\r\n<p><img alt=\"php bai 2 07 Phần 2: Những kiến thức căn bản tổng quan về lập trình PHP\" src=\"http://www.php.com.vn/images/post/2014/01/28/17//php_bai_2_07.gif\" title=\"Phần 2: Những kiến thức căn bản tổng quan về lập trình PHP\" /></p>\r\n\r\n<p>Ch&uacute;ng ta c&oacute; thể sử dụng h&agrave;m dựng sẵn gettype() của PHP4 để kiểm tra kiểu của bất kỳ biến.</p>\r\n\r\n<p>V&iacute; dụ:</p>\r\n\r\n<p><img alt=\"php bai 2 08 Phần 2: Những kiến thức căn bản tổng quan về lập trình PHP\" src=\"http://www.php.com.vn/images/post/2014/01/28/17//php_bai_2_08.gif\" title=\"Phần 2: Những kiến thức căn bản tổng quan về lập trình PHP\" /></p>\r\n\r\n<p>Sau b&agrave;i n&agrave;y c&aacute;c bạn đ&atilde; c&oacute; những kh&aacute;i niệm đầu ti&ecirc;n về PHP, c&aacute;c c&uacute; ph&aacute;p, c&aacute;c kiểu dữ liệu, v&agrave; c&aacute;ch l&agrave;m việc với m&ocirc;i trường PHP như thế n&agrave;o. Ở b&agrave;i sau, ch&uacute;ng ta sẽ tiếp tục tiếp cận với c&aacute;c thuật to&aacute;n v&agrave; c&uacute; ph&aacute;p PHP một c&aacute;ch r&otilde; r&agrave;ng v&agrave; quen thuộc trong c&aacute;c ng&ocirc;n ngữ lập tr&igrave;nh.<br />\r\n(<strong>B&ugrave;i Quốc Huy</strong>)</p>', '2017-02-23 01:04:45', '2017-02-25 01:18:33', 1),
(3, 1, 'Phần 3: Toán tử và các biểu thức căn bản trong PHP', 'phan-3-toan-tu-va-cac-bieu-thuc-can-ban-trong-php', 'http://www.php.com.vn', 'L59S_2AgY_cake-php-features.jpg', 'Đối với mọi ngôn ngữ lập trình, toán tử và biểu thức luôn là những kiến thức cơ bản được sử dụng để xử lý các thao tác trong giai đoạn lập trình. Và PHP cũng không ngoại lệ, chúng vẫn có những kiến trúc cơ bản như một ngôn ngữ lập trình thông thường.', '<p><strong>A- To&aacute;n tử trong PHP:</strong></p>\r\n\r\n<p><strong>&nbsp;</strong></p>\r\n\r\n<p><strong>1- To&aacute;n tử g&aacute;n:</strong></p>\r\n\r\n<p>Ch&uacute;ng ta đ&atilde; từng tiếp x&uacute;c với to&aacute;n tử n&agrave;y bởi việc khởi tạo 1 biến. N&oacute; gồm k&yacute; tự đơn =. To&aacute;n tử g&aacute;n lấy gi&aacute; trị của to&aacute;n hạng b&ecirc;n phải g&aacute;n n&oacute; v&agrave;o to&aacute;n hạng b&ecirc;n tr&aacute;i.</p>\r\n\r\n<p>V&iacute; dụ:</p>\r\n\r\n<p>&nbsp;</p>\r\n\r\n<p>$name = &ldquo;Johny Nguyen&rdquo;;</p>\r\n\r\n<p><strong>2- To&aacute;n tử số học:</strong></p>\r\n\r\n<p>L&agrave; dạng ph&eacute;p t&iacute;nh giản đơn cộng, trừ, nh&acirc;n, chia trong số học. Ngo&agrave;i ra c&ograve;n c&oacute; ph&eacute;p chia lấy dư (%). Được sử dụng để lấy ra đơn vị dư của 1 ph&eacute;p to&aacute;n.</p>\r\n\r\n<p><img alt=\"php bai 3 01 Phần 3: Toán tử và các biểu thức căn bản trong PHP\" src=\"http://www.php.com.vn/images/post/2014/01/28/17//php_bai_3_01.gif\" title=\"Phần 3: Toán tử và các biểu thức căn bản trong PHP\" /></p>\r\n\r\n<p><strong>3- To&aacute;n tử so s&aacute;nh:</strong></p>\r\n\r\n<p>L&agrave; to&aacute;n tử được sử dụng để thực hiện c&aacute;c ph&eacute;p to&aacute;n so s&aacute;nh giữa hai số hạng. Chi tiết, xem bảng b&ecirc;n dưới.</p>\r\n\r\n<p><img alt=\"php bai 3 02 Phần 3: Toán tử và các biểu thức căn bản trong PHP\" src=\"http://www.php.com.vn/images/post/2014/01/28/17//php_bai_3_02.gif\" title=\"Phần 3: Toán tử và các biểu thức căn bản trong PHP\" /></p>\r\n\r\n<p><strong>4- To&aacute;n tử logic:</strong></p>\r\n\r\n<p>To&aacute;n tử logic l&agrave; c&aacute;c tổ hợp c&aacute;c gi&aacute; trị boolean.</p>\r\n\r\n<p>V&iacute; dụ:&nbsp;to&aacute;n tử or trở về true nếu to&aacute;n tử tr&aacute;i hoặc to&aacute;n tử phải l&agrave; true.</p>\r\n\r\n<p>True || false &agrave; true.</p>\r\n\r\n<p>Ta c&oacute; bảng c&aacute;c to&aacute;n tử như sau:</p>\r\n\r\n<p>&nbsp;</p>\r\n\r\n<p><img alt=\"php bai 3 03 Phần 3: Toán tử và các biểu thức căn bản trong PHP\" src=\"http://www.php.com.vn/images/post/2014/01/28/17//php_bai_3_03.gif\" title=\"Phần 3: Toán tử và các biểu thức căn bản trong PHP\" /></p>\r\n\r\n<p><strong>5- To&aacute;n tử kết hợp:</strong></p>\r\n\r\n<p>Khi tạo m&atilde; PHP, ch&uacute;ng ta sẽ thường nhận thấy cần phải tăng hoặc giảm lượng biến một số nguy&ecirc;n n&agrave;o đ&oacute;. Bạn sẽ thường thực hiện điều n&agrave;y khi ch&uacute;ng ta đếm 1 gi&aacute; trị n&agrave;o đ&oacute; trong v&ograve;ng lặp.</p>\r\n\r\n<p><img alt=\"php bai 3 04 Phần 3: Toán tử và các biểu thức căn bản trong PHP\" src=\"http://www.php.com.vn/images/post/2014/01/28/17//php_bai_3_04.gif\" title=\"Phần 3: Toán tử và các biểu thức căn bản trong PHP\" /></p>\r\n\r\n<p><strong>&nbsp;</strong></p>\r\n\r\n<p><strong>B- C&aacute;c biểu thức cơ bản trong PHP:</strong></p>\r\n\r\n<p><strong>1- Biểu thức điều kiện:</strong></p>\r\n\r\n<p>L&agrave; biểu thức d&ugrave;ng kiểm tra 1 sự kiện. Nếu ch&uacute;ng thỏa điều kiện đ&oacute; th&igrave; sẽ thực thi một h&agrave;nh động. Ngược lại sẽ l&agrave; một h&agrave;nh động kh&aacute;c.</p>\r\n\r\n<p><strong>C&uacute; ph&aacute;p:</strong></p>\r\n\r\n<p>If(Điều kiện)</p>\r\n\r\n<p>{</p>\r\n\r\n<p>h&agrave;nh động</p>\r\n\r\n<p>}</p>\r\n\r\n<p>V&iacute; dụ:</p>\r\n\r\n<p><img alt=\"php bai 3 05 Phần 3: Toán tử và các biểu thức căn bản trong PHP\" src=\"http://www.php.com.vn/images/post/2014/01/28/17//php_bai_3_05.gif\" title=\"Phần 3: Toán tử và các biểu thức căn bản trong PHP\" /></p>\r\n\r\n<p><strong>2- V&ograve;ng lặp trong PHP:</strong></p>\r\n\r\n<p><em>&nbsp;</em></p>\r\n\r\n<p><em>a- While()&hellip;.</em></p>\r\n\r\n<p>Ph&eacute;p lặp n&agrave;y y&ecirc;u cầu phải thỏa m&atilde;n điều kiện th&igrave; mới thực thi được v&ograve;ng lặp</p>\r\n\r\n<p><strong>C&uacute; ph&aacute;p:</strong></p>\r\n\r\n<p>While(điều kiện)</p>\r\n\r\n<p>{</p>\r\n\r\n<p>H&agrave;nh động &ndash; thực thi</p>\r\n\r\n<p>}</p>\r\n\r\n<p>V&iacute; dụ:</p>\r\n\r\n<p><img alt=\"php bai 3 06 Phần 3: Toán tử và các biểu thức căn bản trong PHP\" src=\"http://www.php.com.vn/images/post/2014/01/28/17//php_bai_3_06.gif\" title=\"Phần 3: Toán tử và các biểu thức căn bản trong PHP\" /></p>\r\n\r\n<p><em>b-Do&hellip;.while():</em></p>\r\n\r\n<p>Ph&eacute;p lặp n&agrave;y sẽ thực thi h&agrave;nh động &iacute;t nhất l&agrave; một lần. Sau đ&oacute; mới tiến h&agrave;nh kiểm tra điều kiện.</p>\r\n\r\n<p><strong>C&uacute; ph&aacute;p:</strong></p>\r\n\r\n<p>Do</p>\r\n\r\n<p>{</p>\r\n\r\n<p>H&agrave;nh động thực thi</p>\r\n\r\n<p>}while(điều kiện)</p>\r\n\r\n<p>V&iacute; dụ:</p>\r\n\r\n<p><img alt=\"php bai 3 07 Phần 3: Toán tử và các biểu thức căn bản trong PHP\" src=\"http://www.php.com.vn/images/post/2014/01/28/17//php_bai_3_07.gif\" title=\"Phần 3: Toán tử và các biểu thức căn bản trong PHP\" /></p>\r\n\r\n<p><em>c- For():</em></p>\r\n\r\n<p>Ph&eacute;p lặp n&agrave;y l&agrave; ph&eacute;p to&aacute;n gộp c&aacute;c tham số. Gi&uacute;p người lập tr&igrave;nh giảm thiểu thời gian phải khai b&aacute;o biến v&agrave; c&aacute;c tham số khi thực thi việc lặp dữ liệu.</p>\r\n\r\n<p><strong>C&uacute; ph&aacute;p:</strong></p>\r\n\r\n<p>For( gi&aacute; trị ; điều kiện ; biến tăng hoặc giảm)</p>\r\n\r\n<p>{ H&agrave;nh động }</p>\r\n\r\n<p>V&iacute; dụ:</p>\r\n\r\n<p><img alt=\"php bai 3 08 Phần 3: Toán tử và các biểu thức căn bản trong PHP\" src=\"http://www.php.com.vn/images/post/2014/01/28/17//php_bai_3_08.gif\" title=\"Phần 3: Toán tử và các biểu thức căn bản trong PHP\" /></p>\r\n\r\n<p><strong>3- Biểu thức switch case:</strong></p>\r\n\r\n<p>L&agrave; biểu thức sử dụng để giảm thiểu qu&aacute; tr&igrave;nh xử l&yacute; dữ liệu nếu c&oacute; qu&aacute; nhiều ph&eacute;p to&aacute;n if else.</p>\r\n\r\n<p><strong>C&uacute; ph&aacute;p:</strong></p>\r\n\r\n<p>Switch(biến)</p>\r\n\r\n<p>{</p>\r\n\r\n<p>Case gi&aacute; trị 1: H&agrave;nh động; Break;</p>\r\n\r\n<p>&hellip;&hellip;&hellip;&hellip;</p>\r\n\r\n<p>Case gi&aacute; trị N: H&agrave;nh động; Break;</p>\r\n\r\n<p>Default: H&agrave;nh động; Break;</p>\r\n\r\n<p>}</p>\r\n\r\n<p><em>V&iacute; dụ:</em></p>\r\n\r\n<p><img alt=\"php bai 3 09 Phần 3: Toán tử và các biểu thức căn bản trong PHP\" src=\"http://www.php.com.vn/images/post/2014/01/28/17//php_bai_3_09.gif\" title=\"Phần 3: Toán tử và các biểu thức căn bản trong PHP\" /></p>\r\n\r\n<p><strong>&nbsp;</strong></p>\r\n\r\n<p><strong>C- Tổng kết:</strong></p>\r\n\r\n<p>Kết th&uacute;c b&agrave;i học n&agrave;y, c&aacute;c bạn &iacute;t nhiều đ&atilde; nắm được những thuộc t&iacute;nh cơ bản của c&aacute;c ph&eacute;p to&aacute;n học trong PHP, ngo&agrave;i ra ch&uacute;ng ta cũng từng bước hiểu được c&uacute; ph&aacute;p của từng biểu thức.</p>\r\n\r\n<p>Đối với c&aacute;c v&ograve;ng lặp, ch&uacute;ng ta cần hiểu v&agrave; vận ch&uacute;ng một c&aacute;ch linh hoạt v&agrave; mềm dẻo, ph&acirc;n biệt được while v&agrave; do&hellip;while. Sử dụng h&agrave;m switch trong trường hợp c&oacute; qu&aacute; nhiều gi&aacute; trị if&hellip;else trả về.</p>\r\n\r\n<p><strong>&nbsp;</strong></p>\r\n\r\n<p><strong>D- B&agrave;i tập &aacute;p dụng:</strong></p>\r\n\r\n<p><strong>B&agrave;i tập 1:</strong></p>\r\n\r\n<p>Viết 1 trang web c&oacute; gi&aacute; trị từ 1-&gt;20. H&atilde;y xuất ra tr&igrave;nh duyệt những số chẵn nằm trong khoảng 1-&gt;20 đ&oacute;.</p>\r\n\r\n<p><strong>B&agrave;i tập 2:</strong></p>\r\n\r\n<p>X&acirc;y dựng 1 website thỏa y&ecirc;u cầu xuất ra bảng cửu chương từ 2 -&gt;10.</p>', '2017-02-23 01:05:25', '2017-02-25 01:18:24', 1),
(4, 1, 'Phần 4: Xử lý giá trị dữ liệu trên form trong PHP', 'phan-4-xu-ly-gia-tri-du-lieu-tren-form-trong-php', 'http://www.php.com.vn', '9Xwa_2AgY_cake-php-features.jpg', 'Một trong những ứng dụng quan trọng của PHP đó là giúp tương tác xử lý dữ liệu trên form của người sử dụng. Nhằm mục đích giúp cập nhật thông tin một cách linh động và dễ dàng quản lý chung hơn bởi sự kết hợp tuyệt vời của cơ sở dữ liệu. Tuy nhiên để làm được điều ấy PHP yêu cầu form phải đáp ứng 1 số quy định chung đặt ra.', '<p>Ch&uacute;ng ta c&ugrave;ng ph&acirc;n t&iacute;ch thẻ form trong&nbsp;<strong>HTML&nbsp;</strong>sau:</p>\r\n\r\n<p><img alt=\"php bai 4 06 Phần 4: Xử lý giá trị dữ liệu trên form trong PHP\" src=\"http://www.php.com.vn/images/post/2014/01/28/17//php_bai_4_06.gif\" title=\"Phần 4: Xử lý giá trị dữ liệu trên form trong PHP\" /></p>\r\n\r\n<p>Ch&uacute;ng ta thấy rằng 1 form phải bao gồm:</p>\r\n\r\n<p>T&ecirc;n form để dễ d&agrave;ng t&aacute;ch biệt với gi&aacute; trị của ch&uacute;ng.</p>\r\n\r\n<p><strong>Action:&nbsp;</strong>h&agrave;nh động chuyển tiếp đến link xử l&yacute;.</p>\r\n\r\n<p><strong>Method:&nbsp;</strong>L&agrave; phương thức truyền bao gồm POST v&agrave; GET.</p>\r\n\r\n<p>V&iacute; dụ:</p>\r\n\r\n<p><img alt=\"php bai 4 01 Phần 4: Xử lý giá trị dữ liệu trên form trong PHP\" src=\"http://www.php.com.vn/images/post/2014/01/28/17//php_bai_4_01.gif\" title=\"Phần 4: Xử lý giá trị dữ liệu trên form trong PHP\" /></p>\r\n\r\n<p>Như vậy ta thấy rằng. Đoạn code tr&ecirc;n l&agrave;m những việc sau.</p>\r\n\r\n<p>Đầu ti&ecirc;n khi kh&aacute;ch nhập liệu username v&agrave;o th&igrave; ch&uacute;ng sẽ chuyển tới trang check.php để tiến h&agrave;nh xử l&yacute; th&ocirc;ng tin. Tr&ecirc;n phương thức POST, với t&ecirc;n form l&agrave; reg. Gi&aacute; trị m&agrave; ch&uacute;ng ta gởi l&agrave; username vừa nhập liệu.</p>\r\n\r\n<p>Vậy l&agrave;m c&aacute;ch n&agrave;o để ch&uacute;ng ta lấy được gi&aacute; trị vừa nhập liệu n&agrave;o ?.</p>\r\n\r\n<p>PHP cho ph&eacute;p ta lấy gi&aacute; trị dựa v&agrave;o 2 phương thức POST v&agrave; GET.</p>\r\n\r\n<p>Đới với&nbsp;<strong>POST</strong>&nbsp;ta c&oacute; :&nbsp;<strong>$_POST[&lsquo;Gi&aacute; trị&rsquo;]</strong></p>\r\n\r\n<p><strong>&nbsp;</strong></p>\r\n\r\n<p>Đối với&nbsp;<strong>GET</strong>&nbsp;ta c&oacute; :&nbsp;<strong>$_GET[&lsquo;Gi&aacute; trị&rsquo;]</strong></p>\r\n\r\n<p><strong>&nbsp;</strong></p>\r\n\r\n<p>Vậy với đoạn code tr&ecirc;n c&oacute; thể lấy được biến xử l&yacute; l&agrave; : $_POST[&lsquo;username&rsquo;];</p>\r\n\r\n<p>Username l&agrave; t&ecirc;n của field m&agrave; người sử dụng nhập liệu v&agrave;o.</p>\r\n\r\n<p>1 Phương thức GET:</p>\r\n\r\n<p>Phương thức n&agrave;y cũng được d&ugrave;ng để lấy dữ liệu từ form nhập liệu. Tuy nhi&ecirc;n nhiệm vụ ch&iacute;nh của n&oacute; vẫn l&agrave; lấy nội dung trang dữ liệu từ web server.</p>\r\n\r\n<p>V&iacute; dụ:</p>\r\n\r\n<p>Với url sau: shownews.php?id=50</p>\r\n\r\n<p>Vậy với trang shownews ta d&ugrave;ng h&agrave;m $_GET[&lsquo;id&rsquo;] sẽ được gi&aacute; trị l&agrave; 50.</p>\r\n\r\n<p>2- Phương thức POST:</p>\r\n\r\n<p>Phương thức n&agrave;y được sử dụng để lấy dữ liệu từ form nhập liệu. V&agrave; chuyển ch&uacute;ng l&ecirc;n tr&igrave;nh chủ webserver.</p>\r\n\r\n<p>V&iacute; dụ:</p>\r\n\r\n<p>X&acirc;y dựng 1 trang HTML với nội dung gồm form nhập liệu họ v&agrave; t&ecirc;n. Sau đ&oacute; d&ugrave;ng 1 file php để xuất ra th&ocirc;ng tin họ v&agrave; t&ecirc;n m&agrave; người sử dụng vừa nhập liệu.</p>\r\n\r\n<p>Đ&aacute;p &Aacute;n:</p>\r\n\r\n<p>Tạo file userform.htm với nội dung sau:</p>\r\n\r\n<p><img alt=\"php bai 4 02 Phần 4: Xử lý giá trị dữ liệu trên form trong PHP\" src=\"http://www.php.com.vn/images/post/2014/01/28/17//php_bai_4_02.gif\" title=\"Phần 4: Xử lý giá trị dữ liệu trên form trong PHP\" /></p>\r\n\r\n<p>Tạo file processform.php để xuất ra dữ liệu</p>\r\n\r\n<p><img alt=\"php bai 4 03 Phần 4: Xử lý giá trị dữ liệu trên form trong PHP\" src=\"http://www.php.com.vn/images/post/2014/01/28/17//php_bai_4_03.gif\" title=\"Phần 4: Xử lý giá trị dữ liệu trên form trong PHP\" /></p>\r\n\r\n<p>Tổng Kết:</p>\r\n\r\n<p>Kết th&uacute;c b&agrave;i n&agrave;y c&aacute;c bạn đ&atilde; nắm được kỹ thuật kiểm tra th&ocirc;ng tin dựa tr&ecirc;n PHP. Một trong những vấn đề kh&ocirc;ng thể thiếu đối với bất kỳ một website động n&agrave;o. Ch&uacute;ng cho ta kiểm tra t&iacute;nh hợp lệ của người sử dụng 1 c&aacute;ch dễ d&agrave;ng bởi sự t&ugrave;y biến trong c&aacute;c biểu thức của PHP.</p>\r\n\r\n<p>B&agrave;i tập &aacute;p dụng :</p>\r\n\r\n<p>Tạo 1 trang web với hộp thoại nhập liệu username v&agrave; password. Nếu người sử dụng nhập th&ocirc;ng tin username/password l&agrave; admin/12345 th&igrave; xuất ra th&ocirc;ng b&aacute;o &ldquo;welcome, admin&rdquo; với kiểu chữ Tahoma, m&agrave;u đỏ. Ngược lại nếu nhập sai th&igrave; xuất th&ocirc;ng b&aacute;o &ldquo;Username hoặc password sai. Vui l&ograve;ng nhập lại&rdquo;.</p>\r\n\r\n<p>Đ&aacute;p &aacute;n:</p>\r\n\r\n<p>Tạo trang login.html với nội dung sau:</p>\r\n\r\n<p><img alt=\"php bai 4 04 Phần 4: Xử lý giá trị dữ liệu trên form trong PHP\" src=\"http://www.php.com.vn/images/post/2014/01/28/17//php_bai_4_04.gif\" title=\"Phần 4: Xử lý giá trị dữ liệu trên form trong PHP\" /></p>\r\n\r\n<p>Tiếp tục tạo trang checklogin.php với nội dung sau:</p>\r\n\r\n<p><img alt=\"php bai 4 05 Phần 4: Xử lý giá trị dữ liệu trên form trong PHP\" src=\"http://www.php.com.vn/images/post/2014/01/28/17//php_bai_4_05.gif\" title=\"Phần 4: Xử lý giá trị dữ liệu trên form trong PHP\" /></p>', '2017-02-23 01:06:36', '2017-02-25 01:18:14', 1),
(5, 2, 'Cài đặt Laravel 5.2 trên Window', 'cai-dat-laravel-5-2-tren-window', 'http://hieupham.name.vn', 'rocp_sguq_cai-dat-va-chay-ung-dung-dau-tien.jpg', 'Để cài đặt Laravel 5.2, ít nhất trên máy bạn phải có phiên bản PHP >=5.5.9 và . Nếu các bạn đã cài Xampp hoặc Wamp thì đã bao gồm 2 điều kiện trên và không cần phải cài đặt lại.', '<h4>1. Chuẩn bị</h4>\r\n\r\n<p>a. Để c&agrave;i đặt Laravel 5.2, &iacute;t nhất tr&ecirc;n m&aacute;y bạn phải c&oacute; phi&ecirc;n bản PHP &gt;=5.5.9 v&agrave; . Nếu c&aacute;c bạn đ&atilde; c&agrave;i<a href=\"http://kungfuphp.com/php-co-ban/cai-dat-moi-truong-lap-trinh-php.html\" target=\"_blank\">&nbsp;Xampp hoặc Wamp</a>&nbsp;th&igrave; đ&atilde; bao gồm 2 điều kiện tr&ecirc;n v&agrave; kh&ocirc;ng cần phải c&agrave;i đặt lại.</p>\r\n\r\n<p>b. Bật extension php_openssl (mở file php.ini l&ecirc;n rồi t&igrave;m d&ograve;ng&nbsp;<em>;extension=php_openssl.dll</em>, bỏ dấu ; ở đầu d&ograve;ng đi, save file lại rồi restart apache)</p>\r\n\r\n<p>c. Download v&agrave; c&agrave;i đặt Composer cho window tại link&nbsp;<a href=\"https://getcomposer.org/Composer-Setup.exe\" rel=\"external nofollow\" title=\"cài đặt composer\">getcomposer.org/Composer-Setup.exe</a>&nbsp;. Trong qu&aacute; tr&igrave;nh c&agrave;i đặt composer, một th&ocirc;ng b&aacute;o sẽ hiện l&ecirc;n hỏi bạn chọn thư mục chứa file php.exe. M&aacute;y t&iacute;nh của t&ocirc;i sử dụng Xampp v&agrave; t&ocirc;i c&agrave;i đặt ch&uacute;ng tr&ecirc;n ở đĩa E:\\serve v&agrave; chọn đường dẫn tới php khi c&agrave;i composer t&ocirc;i chọn&nbsp;E:\\serve\\php\\php.exe</p>\r\n\r\n<p>d. Tiếp đến bạn tạo 1 thư mục tr&ecirc;n htdocs của xampp t&ecirc;n: laravel5\\traning (đặt t&ecirc;n t&ugrave;y &yacute;).</p>\r\n\r\n<p>e. Download source Laravel: Truy cập v&agrave;o trang chủ laravel.com -&gt; Chọn Menu&nbsp;Community -&gt;&nbsp;Github . Bạn download v&agrave; giải n&eacute;n file download đ&oacute; trong thư mục laravel5 vừa tạo</p>\r\n\r\n<p><img src=\"http://hieupham.name.vn/wp-content/uploads/2016/06/download-laravel-master.png\" style=\"height:230px; width:605px\" /></p>\r\n\r\n<p>V&agrave; ta sẽ c&oacute; thư mục như sau :</p>\r\n\r\n<p><img src=\"http://hieupham.name.vn/wp-content/uploads/2016/06/thu-muc-laravel5.png\" style=\"height:510px; width:607px\" /></p>\r\n\r\n<p>Tiếp đến mở file composer.json bằng Subline Text 3 (t&ocirc;i sử dụng). T&igrave;m đến key &ldquo;require&rdquo; c&oacute; nội dung như sau :</p>\r\n\r\n<p><textarea></textarea></p>\r\n\r\n<table>\r\n	<tbody>\r\n		<tr>\r\n			<td>\r\n			<p>1</p>\r\n\r\n			<p>2</p>\r\n\r\n			<p>3</p>\r\n\r\n			<p>4</p>\r\n			</td>\r\n			<td>\r\n			<p>&quot;require&quot;: {</p>\r\n\r\n			<p>&nbsp;&nbsp;&nbsp;&nbsp;&quot;php&quot;: &quot;&gt;=5.5.9&quot;,</p>\r\n\r\n			<p>&nbsp;&nbsp;&nbsp;&nbsp;&quot;laravel/framework&quot;: &quot;5.2.*&quot;</p>\r\n\r\n			<p>}</p>\r\n			</td>\r\n		</tr>\r\n	</tbody>\r\n</table>\r\n\r\n<p>Như vậy bạn đ&atilde; chắc chắc version laravel 5.2 rồi.</p>\r\n\r\n<h3><strong>Tiến h&agrave;nh c&agrave;i đặt Laravel 5.2</strong></h3>\r\n\r\n<p>&ndash; Mở thư mục E:\\serve\\htdocs\\laravel5\\traning click chuột phải ngo&agrave;i v&ugrave;ng trắng v&agrave; chọn Open command window here v&agrave; sẽ được giao diện l&agrave;m việc như sau:</p>\r\n\r\n<p><img src=\"http://hieupham.name.vn/wp-content/uploads/2016/06/open-command-laravel-5.png\" style=\"height:327px; width:644px\" /></p>\r\n\r\n<p>Bạn đừng vội c&agrave;i đặt, h&atilde;y kiểm tra m&ocirc;i trường l&agrave;m việc của m&igrave;nh đ&atilde; c&agrave;i đặt composer chưa hay kh&ocirc;ng ? Bằng lệnh command line:&nbsp;<em>composer -v</em></p>\r\n\r\n<p><img src=\"http://hieupham.name.vn/wp-content/uploads/2016/06/setting-composer-complate.png\" style=\"height:540px; width:668px\" /></p>\r\n\r\n<p>&nbsp;</p>\r\n\r\n<p>Để m&agrave;n h&igrave;nh command line sạch sẽ hơn h&atilde;y x&oacute;a những g&igrave; trước đ&oacute; bằng l&ecirc;nh : cls</p>\r\n\r\n<p>Tiếp theo c&agrave;i đặt laravel bằng lệnh :&nbsp;<em>composer install.&nbsp;</em>B&acirc;y giờ ngồi chờ đợi ch&uacute;ng download c&aacute;c packgist về m&agrave; th&ocirc;i</p>\r\n\r\n<p><img src=\"http://hieupham.name.vn/wp-content/uploads/2016/06/cai-dat.png\" style=\"height:623px; width:667px\" /></p>\r\n\r\n<p>Ok như vậy bạn đ&atilde; c&agrave;i đặt xong laravel 5.2 rồi đ&oacute;. Tuy nhi&ecirc;n khi bạn chạy đường dẫn&nbsp;http://localhost/laravel5/training/public/ th&igrave; sẽ b&aacute;o lỗi. &nbsp;Bạn đừng lo lắng, b&acirc;y giờ ch&uacute;ng ta quay lại thư mục traning chưa source app của ch&uacute;ng ta. C&aacute;c bạn để &yacute; ch&uacute;ng ta sẽ c&oacute; 1 file ở ngo&agrave;i c&ugrave;ng l&agrave;&nbsp;<em>.env.example</em>, mở file n&agrave;y v&agrave; save file lại với t&ecirc;n file mới&nbsp;<em>.env.&nbsp;</em></p>\r\n\r\n<p>Tuy nhi&ecirc;n ch&uacute;ng ta vẫn chưa chạy được &uacute;ng dụng. ch&uacute;ng ta cần c&agrave;i đặt application key cho App của m&igrave;nh như sau :</p>\r\n\r\n<p>Ở m&agrave;n h&igrave;nh command line ch&uacute;ng ta g&otilde; lệnh :</p>\r\n\r\n<p><textarea></textarea></p>\r\n\r\n<table>\r\n	<tbody>\r\n		<tr>\r\n			<td>\r\n			<p>1</p>\r\n			</td>\r\n			<td>\r\n			<p>php artisan key:generate</p>\r\n			</td>\r\n		</tr>\r\n	</tbody>\r\n</table>\r\n\r\n<p>V&agrave; b&acirc;y giờ chạy lại đường dẫn&nbsp;<em>http://localhost/laravel5/training/public/&nbsp;</em>&nbsp;v&agrave; sẽ thấy th&agrave;nh quả của m&igrave;nh</p>\r\n\r\n<p><img src=\"http://hieupham.name.vn/wp-content/uploads/2016/06/giao-dien-laravel-5.png\" style=\"height:541px; width:682px\" /></p>\r\n\r\n<p>Ch&uacute;c c&aacute;c bạn th&agrave;nh c&ocirc;ng ! Trong b&agrave;i sau m&igrave;nh đề cập đến</p>\r\n\r\n<p>+ Remove Pubic tr&ecirc;n đường dẫn</p>\r\n\r\n<p>+ Chạy ứng dụng đầu ti&ecirc;n HELLO WORD</p>', '2017-02-23 01:10:05', '2017-02-25 01:15:58', 1),
(6, 2, 'Cài đặt và chạy ứng dụng “Hello Word” Phần 2', 'cai-dat-va-chay-ung-dung-hello-word-phan-2', 'http://hieupham.name.vn', 'sguq_cai-dat-va-chay-ung-dung-dau-tien.jpg', 'Ở bài trước mình đã hướng dẫn các bạn cài đặt laravel 5.2 một cách thủ công thành công 100% và đơn giản nhất. Hôm nay mình sẽ đề cập tiếp các vấn đề như sau :', '<ol>\r\n	<li>Remove public ở đường dẫn</li>\r\n	<li>Chạy ứng dụng đầu ti&ecirc;n Hello Word</li>\r\n</ol>\r\n\r\n<p>I. Remove public từ đường dẫn ứng dụng</p>\r\n\r\n<ul>\r\n	<li>Ở b&agrave;i trước ch&uacute;ng ta đ&atilde; c&agrave;i đặt th&agrave;nh c&ocirc;ng laravel 5.2 với đường dẫn ứng dụng :&nbsp;http://localhost/laravel5/training/public/ b&acirc;y giờ t&ocirc;i muốn chạy&nbsp;http://localhost/laravel5/training th&igrave; phải như thế n&agrave;o ?</li>\r\n</ul>\r\n\r\n<p>Cũng kh&aacute; đơn giản từ thư mục&nbsp;<em>training</em>&nbsp;bạn truy cập v&agrave;o thư mục&nbsp;<em>public .&nbsp;</em>Ở đ&acirc;y bạn quan t&acirc;m tới 2 file</p>\r\n\r\n<ul>\r\n	<li>.htaccess</li>\r\n	<li>index.php</li>\r\n</ul>\r\n\r\n<p>Bạn h&atilde;y di chuyển file n&agrave;y ra thư mục gốc&nbsp;<em>training&nbsp;</em>&nbsp;v&agrave; cần chỉnh sửa như sau</p>\r\n\r\n<ul>\r\n	<li>Đối với .htaccess bạn giữ nguy&ecirc;n kh&ocirc;ng thay đổi</li>\r\n	<li>Đối với file&nbsp;<em>index.php&nbsp;</em>&nbsp;mở v&agrave; t&igrave;m đến d&ograve;ng số 22 :</li>\r\n</ul>\r\n\r\n<p>&nbsp;</p>\r\n\r\n<p><textarea></textarea></p>\r\n\r\n<table>\r\n	<tbody>\r\n		<tr>\r\n			<td>\r\n			<p>1</p>\r\n			</td>\r\n			<td>\r\n			<p>require __DIR__.&#39;/../bootstrap/autoload.php&#39;;</p>\r\n			</td>\r\n		</tr>\r\n	</tbody>\r\n</table>\r\n\r\n<p>Thay đổi d&ograve;ng số 22:</p>\r\n\r\n<p><textarea></textarea></p>\r\n\r\n<table>\r\n	<tbody>\r\n		<tr>\r\n			<td>\r\n			<p>1</p>\r\n			</td>\r\n			<td>\r\n			<p>require __DIR__.&#39;/bootstrap/autoload.php&#39;;</p>\r\n			</td>\r\n		</tr>\r\n	</tbody>\r\n</table>\r\n\r\n<p>V&agrave; tiếp tục t&igrave;m đến d&ograve;ng số 36 c&oacute; nội dung như sau :</p>\r\n\r\n<p><textarea></textarea></p>\r\n\r\n<table>\r\n	<tbody>\r\n		<tr>\r\n			<td>\r\n			<p>1</p>\r\n			</td>\r\n			<td>\r\n			<p>$app = require_once __DIR__.&#39;/../bootstrap/app.php&#39;;</p>\r\n			</td>\r\n		</tr>\r\n	</tbody>\r\n</table>\r\n\r\n<p>Thay đổi nội dung d&ograve;ng số 36:</p>\r\n\r\n<p><textarea></textarea></p>\r\n\r\n<table>\r\n	<tbody>\r\n		<tr>\r\n			<td>\r\n			<p>1</p>\r\n			</td>\r\n			<td>\r\n			<p>$app = require_once __DIR__.&#39;/bootstrap/app.php&#39;;</p>\r\n			</td>\r\n		</tr>\r\n	</tbody>\r\n</table>\r\n\r\n<p>Save file index.php v&agrave; chạy lại đường dẫn như sau :</p>\r\n\r\n<p><textarea></textarea></p>\r\n\r\n<table>\r\n	<tbody>\r\n		<tr>\r\n			<td>\r\n			<p>1</p>\r\n			</td>\r\n			<td>\r\n			<p>http://localhost/laravel5/training/</p>\r\n			</td>\r\n		</tr>\r\n	</tbody>\r\n</table>\r\n\r\n<p>v&agrave; đ&atilde; th&agrave;nh c&ocirc;ng :</p>\r\n\r\n<p><img src=\"http://hieupham.name.vn/wp-content/uploads/2016/06/giao-dien-laravel-5.png\" style=\"height:541px; width:682px\" /></p>\r\n\r\n<h3>II. Chạy ứng dụng Hello Word</h3>\r\n\r\n<ul>\r\n	<li>Trước khi chạy ứng dụng Hello Word ch&uacute;ng ta h&atilde;y t&igrave;m hiểu sơ qua c&aacute;c thư mục c&oacute; trong laravel</li>\r\n</ul>\r\n\r\n<p>&nbsp;</p>\r\n\r\n<p>Tạo ứng dụng đầu ti&ecirc;n</p>\r\n\r\n<ul>\r\n	<li>Tạo Controller&nbsp;<em>HelloController</em></li>\r\n</ul>\r\n\r\n<p>Mở c<em>ommand line</em>&nbsp;v&agrave; g&otilde; lệnh :</p>\r\n\r\n<p><textarea></textarea></p>\r\n\r\n<table>\r\n	<tbody>\r\n		<tr>\r\n			<td>\r\n			<p>1</p>\r\n			</td>\r\n			<td>\r\n			<p>php artisan make:controller HelloController</p>\r\n			</td>\r\n		</tr>\r\n	</tbody>\r\n</table>\r\n\r\n<p>Mở file: &nbsp;<em>HelloController.php</em></p>\r\n\r\n<p><textarea></textarea></p>\r\n\r\n<table>\r\n	<tbody>\r\n		<tr>\r\n			<td>\r\n			<p>1</p>\r\n			</td>\r\n			<td>\r\n			<p>app-&gt;Http-&gt;Controllers-&gt;HelloController.php</p>\r\n			</td>\r\n		</tr>\r\n	</tbody>\r\n</table>\r\n\r\n<p>C&oacute; nội dung :</p>\r\n\r\n<p><textarea></textarea></p>\r\n\r\n<table>\r\n	<tbody>\r\n		<tr>\r\n			<td>\r\n			<p>1</p>\r\n\r\n			<p>2</p>\r\n\r\n			<p>3</p>\r\n\r\n			<p>4</p>\r\n\r\n			<p>5</p>\r\n\r\n			<p>6</p>\r\n\r\n			<p>7</p>\r\n\r\n			<p>8</p>\r\n\r\n			<p>9</p>\r\n\r\n			<p>10</p>\r\n\r\n			<p>11</p>\r\n\r\n			<p>12</p>\r\n			</td>\r\n			<td>\r\n			<p><!--?php</p--></p>\r\n\r\n			<p>&nbsp;</p>\r\n\r\n			<p>namespace App\\Http\\Controllers;</p>\r\n\r\n			<p>&nbsp;</p>\r\n\r\n			<p>use Illuminate\\Http\\Request;</p>\r\n\r\n			<p>&nbsp;</p>\r\n\r\n			<p>use App\\Http\\Requests;</p>\r\n\r\n			<p>&nbsp;</p>\r\n\r\n			<p>class HelloController extends Controller</p>\r\n\r\n			<p>{</p>\r\n\r\n			<p>&nbsp;&nbsp;&nbsp;&nbsp;//</p>\r\n\r\n			<p>}</p>\r\n			</td>\r\n		</tr>\r\n	</tbody>\r\n</table>\r\n\r\n<p>Tạo 1 action :</p>\r\n\r\n<p><textarea></textarea></p>\r\n\r\n<table>\r\n	<tbody>\r\n		<tr>\r\n			<td>\r\n			<p>1</p>\r\n\r\n			<p>2</p>\r\n\r\n			<p>3</p>\r\n\r\n			<p>4</p>\r\n			</td>\r\n			<td>\r\n			<p>public function getIndex()</p>\r\n\r\n			<p>{</p>\r\n\r\n			<p>&nbsp;&nbsp; echo &quot;Hello Word&quot;;</p>\r\n\r\n			<p>}</p>\r\n			</td>\r\n		</tr>\r\n	</tbody>\r\n</table>\r\n\r\n<p>V&agrave; đầy đủ l&agrave; :</p>\r\n\r\n<p><textarea></textarea></p>\r\n\r\n<table>\r\n	<tbody>\r\n		<tr>\r\n			<td>\r\n			<p>1</p>\r\n\r\n			<p>2</p>\r\n\r\n			<p>3</p>\r\n\r\n			<p>4</p>\r\n\r\n			<p>5</p>\r\n\r\n			<p>6</p>\r\n\r\n			<p>7</p>\r\n\r\n			<p>8</p>\r\n\r\n			<p>9</p>\r\n\r\n			<p>10</p>\r\n\r\n			<p>11</p>\r\n\r\n			<p>12</p>\r\n\r\n			<p>13</p>\r\n\r\n			<p>14</p>\r\n\r\n			<p>15</p>\r\n			</td>\r\n			<td>\r\n			<p><!--?php</p--></p>\r\n\r\n			<p>&nbsp;</p>\r\n\r\n			<p>namespace App\\Http\\Controllers;</p>\r\n\r\n			<p>&nbsp;</p>\r\n\r\n			<p>use Illuminate\\Http\\Request;</p>\r\n\r\n			<p>&nbsp;</p>\r\n\r\n			<p>use App\\Http\\Requests;</p>\r\n\r\n			<p>&nbsp;</p>\r\n\r\n			<p>class HelloController extends Controller</p>\r\n\r\n			<p>{</p>\r\n\r\n			<p>&nbsp;&nbsp;&nbsp;&nbsp;public function getIndex()</p>\r\n\r\n			<p>&nbsp;&nbsp;&nbsp;&nbsp;{</p>\r\n\r\n			<p>&nbsp;&nbsp;&nbsp;&nbsp; echo &quot;Hello Word&quot;;</p>\r\n\r\n			<p>&nbsp;&nbsp;&nbsp;&nbsp;}</p>\r\n\r\n			<p>}</p>\r\n			</td>\r\n		</tr>\r\n	</tbody>\r\n</table>\r\n\r\n<p>Tiếp đến cấu h&igrave;nh đường dẫn trong&nbsp;<em>routes.php&nbsp;</em>(app-&gt;Http-&gt;routes.php);</p>\r\n\r\n<p><textarea></textarea></p>\r\n\r\n<table>\r\n	<tbody>\r\n		<tr>\r\n			<td>\r\n			<p>1</p>\r\n			</td>\r\n			<td>\r\n			<p>Route::get(&#39;hello&#39;,&#39;HelloController@getIndex&#39;);</p>\r\n			</td>\r\n		</tr>\r\n	</tbody>\r\n</table>\r\n\r\n<p>V&agrave; chạy đường dẫn :</p>\r\n\r\n<p><textarea></textarea></p>\r\n\r\n<table>\r\n	<tbody>\r\n		<tr>\r\n			<td>\r\n			<p>1</p>\r\n			</td>\r\n			<td>\r\n			<p>http://localhost/laravel5/training/hello</p>\r\n			</td>\r\n		</tr>\r\n	</tbody>\r\n</table>\r\n\r\n<p>Kết quả như sau :</p>\r\n\r\n<p><img src=\"http://hieupham.name.vn/wp-content/uploads/2016/06/ung-dung-dau-tien-hello-word.png\" style=\"height:192px; width:436px\" /></p>\r\n\r\n<p>Ở b&agrave;i viết n&agrave;y ch&uacute;ng ta hiểu được.</p>\r\n\r\n<p>+ L&agrave;m thế n&agrave;o remove public từ đường dẫn</p>\r\n\r\n<p>+ Hiểu sơ về cấu tr&uacute;c thư mục trong Laravel</p>\r\n\r\n<p>+ Tạo v&agrave; chạy ứng dụng hello word</p>\r\n\r\n<p>B&agrave;i sau ch&uacute;ng ta&nbsp;<strong>T&igrave;m hiểu Controller trong Laravel</strong></p>', '2017-02-23 01:10:51', '2017-02-23 01:11:23', 1),
(7, 3, 'Người Việt Nam sẽ thèm muốn khi nhìn giá cước dữ liệu di động ở Philippines', 'nguoi-viet-nam-se-them-muon-khi-nhin-gia-cuoc-du-lieu-di-dong-o-philippines', 'https://www.thegioididong.com', 'QVEP_QyM3_7Au2_iphone_800x450.jpg', 'Cuộc chiến không đội trời chung giữa hai nhà cung cấp chính trên thị trường di động Philippines khiến giá cước dữ liệu tụt xuống tới mức kỷ lục, khi 1 USD mua được 1 GB dữ liệu cộng với 300 MB khuyến mại dùng riêng cho Facebook và các ứng dụng khác.', '<p>PLDT Inc v&agrave; Globe Telecom Inc đang nỗ lực gi&agrave;nh lấy thị phần ở Philippines th&ocirc;ng qua việc đưa ra c&aacute;c g&oacute;i cước dữ liệu di động v&ocirc; c&ugrave;ng thấp nhằm v&agrave;o người d&ugrave;ng sử dụng&nbsp;<a href=\"https://www.thegioididong.com/dtdd\" target=\"_blank\" title=\"điện thoại thông minh\" type=\"điện thoại thông minh\">điện thoại th&ocirc;ng minh</a>. Cuộc chiến một mất một c&ograve;n khiến gi&aacute; dữ liệu di động tại Philippines được đẩy xuống mức thấp nhất ch&acirc;u &Aacute; nhưng chất lượng dịch vụ vẫn đ&agrave;m bảo.</p>\r\n\r\n<p>Cuộc chiến cước dữ liệu di động xảy ra khi doanh thu từ c&aacute;c cuộc gọi v&agrave; tin nhắn ở Philippines suy giảm mạnh trong v&agrave;i năm gần đ&acirc;y. Năm 2016, lợi nhuận của PLDT tụt xuống mốc thấp nhất kể từ năm 2003. Với Globe Telecom, năm ngo&aacute;i cũng l&agrave; năm tồi tệ thứ 4 kể từ khi được th&agrave;nh lập. N&oacute; cũng l&agrave; năm đầu ti&ecirc;n doanh thu của h&atilde;ng sụt giảm trong 3 năm qua.</p>\r\n\r\n<p><img alt=\"Cước dữ liệu ở Philippines so với các nước châu Á\" src=\"https://cdn3.tgdd.vn/Files/2017/02/22/953050/cuocdidongaa_600x304.jpg\" title=\"Cước dữ liệu ở Philippines so với các nước châu Á\" /></p>\r\n\r\n<p>Cước dữ liệu ở Philippines so với c&aacute;c nước ch&acirc;u &Aacute;.</p>\r\n\r\n<p>Tuy nhi&ecirc;n, cuộc chiến gi&aacute; cước dữ liệu ở Philippines được đ&aacute;nh gi&aacute; l&agrave; kh&ocirc;ng c&oacute; lợi về l&acirc;u d&agrave;i. Karen Hizon, một chuy&ecirc;n gia ph&acirc;n t&iacute;ch thị trường, cho rằng:&nbsp;<em>&ldquo;Philippines l&agrave; thị trường hai người chơi nhưng họ đang cạnh tranh theo c&aacute;ch giết chết lẫn nhau&rdquo;</em>. 1 MB dữ liệu ở Philippines chỉ mang về 0.1 US cent trong khi ở Trung Quốc 1 MB dữ liệu mang về tới 1.13 US cent.</p>\r\n\r\n<p>Hồi th&aacute;ng trước, Globe lần đầu đề nghị đối t&aacute;c PLDT đưa ra bảng gi&aacute; chung cho dữ liệu di động. Theo đ&oacute;, với 1 USD, tương đương 22.000 VNĐ, kh&aacute;c h&agrave;ng được cung cấp 1 GB dữ liệu d&ugrave;ng chung v&agrave; 300 MB dữ liệu để lướt Facebook v&agrave; mạng x&atilde; hội.</p>\r\n\r\n<p>Yolanda Crisanto, người ph&aacute;t ng&ocirc;n của Globe, cho biết:&nbsp;<em>&ldquo;Đ&acirc;y l&agrave; mức gi&aacute; rẻ nhất d&agrave;nh cho dữ liệu di động. Một năm trước, với 1 USD, người d&ugrave;ng chỉ được sử dụng 350 MB thay v&igrave; nhiều như hiện nay&rdquo;</em>. Cuộc cạnh tranh cũng khiến cổ phiếu của cả Globe v&agrave; PLDT c&ugrave;ng bị sụt gi&aacute; tại một thời điểm.</p>\r\n\r\n<p>So s&aacute;nh gi&aacute; cước dữ liệu di động tại Philippines với Việt Nam, kh&ocirc;ng kh&oacute; để nhận thấy sự kh&aacute;c biệt. Với khoảng 100.000 đồng, người d&ugrave;ng th&ocirc;ng thường ở Việt Nam c&oacute; thể sử dụng khoảng 1 GB dữ liệu di động tốc độ cao. Cước ph&iacute; n&agrave;y đắt gấp khoảng 5 lần so với những g&igrave; người d&ugrave;ng Philippines đang được hưởng.</p>\r\n\r\n<p>Tuy nhi&ecirc;n, phương thức cạnh tranh gi&aacute; cước dữ liệu di động tr&ecirc;n thị trường Philippines được đ&aacute;nh gi&aacute; l&agrave; kh&ocirc;ng bền vững. Người ta chưa thể n&oacute;i trước về m&ocirc;i trường cạnh tranh ở Philippines trong những qu&yacute; tới cũng như kh&ocirc;ng thể khẳng định gi&aacute; rẻ sẽ tiếp tục được duy tr&igrave;.</p>', '2017-02-23 01:25:30', '2017-02-25 01:21:07', 1);
INSERT INTO `news` (`id`, `category_id`, `title`, `alias`, `source`, `image`, `description`, `content`, `created_at`, `updated_at`, `status`) VALUES
(8, 3, 'Smartphone cao cấp 2017: Thay đổi lớn, nhưng lại làm ta đau đầu', 'smartphone-cao-cap-2017-thay-doi-lon-nhung-lai-lam-ta-dau-dau', 'https://www.thegioididong.com', 'ZRbb_Rpgs_Bnou_s8_800x450.jpg', 'Như đã thành thông lệ, hàng năm, chúng ta đều trông chờ các thông tin nóng hổi về những chiếc smartphone cao cấp. Và trong năm 2017 này, qua những tin đồn thì có lẽ chúng ta sẽ không thất vọng về phần cứng hay thiết kế, tính năng,... nhưng lại làm ta đau đầu vì điều khác.', '<h3><strong>1. Điểm qua những điểm thay đổi lớn</strong></h3>\r\n\r\n<p>Trong năm nay, những tin đồn về&nbsp;<a href=\"https://www.thegioididong.com/dtdd/iphone-8\" target=\"_blank\" title=\"thông tin thêm về iphone 8 \" type=\"thông tin thêm về iphone 8 \">iPhone 8</a>, Galaxy S8 hay LG G6 đ&atilde; lan toả tr&ecirc;n rất nhiều mặt b&aacute;o v&agrave; thậm ch&iacute; c&oacute; cả những h&igrave;nh ảnh về thiết kế hay t&iacute;nh năng mới của ch&uacute;ng bị tiết lộ.</p>\r\n\r\n<p>Điển h&igrave;nh như Galaxy S8 của&nbsp;<a href=\"https://www.thegioididong.com/dtdd-samsung\" target=\"_blank\" title=\"đặt mua smartphone samsung \" type=\"đặt mua smartphone samsung \">Samsung</a>&nbsp;sẽ kh&ocirc;ng c&ograve;n n&uacute;t home quen thuộc, t&iacute;ch hợp qu&eacute;t v&otilde;ng mạc, đưa cảm biến v&acirc;n tay ra mặt sau. Đồng thời, n&oacute; sẽ d&ugrave;ng vi xử l&iacute; Exynos 9810 cực mạnh v&agrave; c&oacute; thể d&ugrave;ng pin do Sony cung cấp, nhằm tr&aacute;nh t&igrave;nh trạng đ&aacute;ng tiếc như tr&ecirc;n Note 7.</p>\r\n\r\n<p><img alt=\"iphone_800x450\" src=\"https://cdn1.tgdd.vn/Files/2017/02/21/952858/iphone_800x450.jpg\" title=\"iphone_800x450\" /></p>\r\n\r\n<p>Nguồn ảnh: TechBook</p>\r\n\r\n<p>Về phần iPhone 8 của&nbsp;<a href=\"https://www.thegioididong.com/dtdd-apple-iphone\" target=\"_blank\" title=\"đặt mua apple iphone \" type=\"đặt mua apple iphone \">Apple</a>, h&agrave;ng loạt th&ocirc;ng tin về việc si&ecirc;u phẩm n&agrave;y sẽ mang lại sự c&aacute;ch t&acirc;n đ&uacute;ng nghĩa như m&agrave;n h&igrave;nh OLED, sạc kh&ocirc;ng d&acirc;y thế hệ mới, cảm biến v&acirc;n tay nằm b&ecirc;n dưới m&agrave;n h&igrave;nh cảm ứng,... cũng đ&atilde; đủ l&agrave;m những ai h&acirc;m mộ Apple n&oacute;i ri&ecirc;ng v&agrave; c&ocirc;ng nghệ n&oacute;i chung phải xu&yacute;t xoa.</p>\r\n\r\n<p>Đ&oacute; l&agrave; chưa kể đến LG G6, HTC 11 hay Xperia X thế hệ thứ hai hứa hẹn cũng sẽ c&oacute; những sự n&acirc;ng cấp đ&aacute;ng kể, qua đ&oacute; l&agrave;m ph&acirc;n kh&uacute;c smartphone cao cấp c&oacute; sự cạnh tranh quyết liệt hơn bao giờ hết.</p>\r\n\r\n<p>Xem th&ecirc;m:&nbsp;<a href=\"https://www.thegioididong.com/tin-tuc/mwc-2017-diem-qua-thong-tin-nong-hoi-ve-smartphone-lg-g6-945486\" target=\"_blank\" title=\"MWC 2017: Điểm những thông tin \" type=\"MWC 2017: Điểm những thông tin \">Điểm những th&ocirc;ng tin &quot;n&oacute;ng hổi&quot; về LG G6: Nhiều bất ngờ (!?)</a></p>\r\n\r\n<h3><strong>2. Th&uacute; vị hơn, nhưng sao lại l&agrave;m ta đau đầu?</strong></h3>\r\n\r\n<p>Quả thật l&agrave; một nghịch l&yacute;, được sở hữu một chiếc smartphone cao cấp với những sự tuyệt hảo từ thiết kế b&ecirc;n ngo&agrave;i tới sức mạnh b&ecirc;n trong sao ta lại c&oacute; thể ph&agrave;n n&agrave;n kia chứ?</p>\r\n\r\n<p>Nhưng khi nh&igrave;n đến mức gi&aacute; dự kiến của một v&agrave;i mẫu flagship chuẩn bị ra mắt ngay dưới đ&acirc;y, hẳn bạn sẽ c&oacute; c&acirc;u trả lời.</p>\r\n\r\n<p><iframe frameborder=\"0\" scrolling=\"no\" src=\"https://e.infogr.am/gia_ban_smartphone?src=embed\" title=\"null\"></iframe></p>\r\n\r\n<p>Gi&aacute; những mẫu smartphone cao cấp đang được b&aacute;n bởi từng h&atilde;ng tại thị trường Mỹ v&agrave; mức gi&aacute; dự kiến d&agrave;nh cho c&aacute;c thế hệ tiếp theo của ch&uacute;ng</p>\r\n\r\n<p>iPhone 7 hiện chỉ c&oacute; gi&aacute; 649 USD cho bản kh&ocirc;ng kho&aacute; mạng, 32 GB, m&agrave;u bạc v&agrave; được b&aacute;n ngay tr&ecirc;n trang chủ của Apple chi nh&aacute;nh tại Mỹ. Thế nhưng theo trang&nbsp;<a href=\"http://www.phonearena.com/news/You-might-have-to-pay-more-than-1000-for-the-Apple-iPhone-8_id90842\" rel=\"nofollow\" target=\"_blank\" title=\"link gốc \" type=\"link gốc \">PhoneArena</a>, trong năm nay, nếu muốn sở hữu iPhone 8, bạn sẽ phải bỏ ra 1.000 USD hoặc hơn, tức gi&aacute; th&agrave;nh tăng gần 50% so với phi&ecirc;n bản cũ!</p>\r\n\r\n<p>Xem th&ecirc;m:&nbsp;<a href=\"https://www.thegioididong.com/tin-tuc/day-la-ly-do-iphone-8-co-the-co-gia-hon-1-000-usd-947920\" target=\"_blank\" title=\"Đây là lý do iPhone 8 có thể có giá hơn 1.000 USD\" type=\"Đây là lý do iPhone 8 có thể có giá hơn 1.000 USD\">Đ&acirc;y l&agrave; l&yacute; do iPhone 8 c&oacute; thể c&oacute; gi&aacute; hơn 1.000 USD</a></p>\r\n\r\n<p>Samsung cũng kh&ocirc;ng k&eacute;m cạnh khi gi&aacute; b&aacute;n cũng được dự đo&aacute;n tầm 1.000 USD trở l&ecirc;n d&agrave;nh cho mẫu Galaxy S8. LG hay HTC th&igrave; nhẹ nh&agrave;ng hơn khi mức tăng được dự b&aacute;o chỉ l&agrave; 50 hoặc 100 USD m&agrave; th&ocirc;i.</p>\r\n\r\n<p>Ch&iacute;nh việc gi&aacute; th&agrave;nh bị đội l&ecirc;n kh&ocirc;ng &iacute;t th&igrave; nhiều sẽ l&agrave;m ch&uacute;ng ta cảm thấy bớt đi sự phấn kh&iacute;ch khi đ&oacute;n chờ những si&ecirc;u phẩm tr&ecirc;n.</p>\r\n\r\n<p>Thậm ch&iacute; hẳn sẽ c&oacute; nhiều bạn thất vọng v&igrave; 2016 vừa qua, những si&ecirc;u phẩm như iPhone 7, Galaxy S7,... lại c&oacute; mức gi&aacute; rất dễ chịu, nếu kh&ocirc;ng muốn n&oacute;i l&agrave; thấp hơn so với iPhone 6s hay Galaxy S6 l&uacute;c mới ra mắt. Vậy m&agrave; giờ đ&acirc;y c&acirc;u chuyện đ&atilde; thay đổi 180 độ.</p>\r\n\r\n<h3><strong>3. Nếu gi&aacute; ở Mỹ như vậy, khi về Việt Nam sẽ ra sao?</strong></h3>\r\n\r\n<p><img alt=\"lg_g6_800x450\" src=\"https://cdn4.tgdd.vn/Files/2017/02/21/952858/lg_g6_800x450.jpg\" title=\"lg_g6_800x450\" /></p>\r\n\r\n<p>Nguồn ảnh: iTechPost</p>\r\n\r\n<p><a href=\"https://www.thegioididong.com/dtdd/iphone-7\" target=\"_blank\" title=\"đặt mua iphone 7 chính hãng \" type=\"đặt mua iphone 7 chính hãng \">iPhone 7</a>&nbsp;bản 32 GB gi&aacute; hiện tại b&ecirc;n Mỹ như đ&atilde; đề cập l&agrave; 649 USD, tức khoảng 14.9 triệu, c&aacute;c cửa h&agrave;ng x&aacute;ch tay nhập về v&agrave; b&aacute;n khoảng 15.7 đến 16 triệu. C&ograve;n h&agrave;ng ch&iacute;nh h&atilde;ng tại Việt Nam đang ở mức 18.8 triệu đồng. Nghĩa l&agrave; thường khi về đến nước ta, một chiếc smartphone c&oacute; thể đội l&ecirc;n th&ecirc;m từ 1 đến 4 triệu đồng tuỳ m&aacute;y, tuỳ phi&ecirc;n bản.</p>\r\n\r\n<p>Nếu &aacute;p dụng mức ch&ecirc;nh lệch đ&oacute;, th&igrave; nếu iPhone 8 hay Galaxy S8 c&oacute; gi&aacute; 1.000 USD ở Mỹ, về đến Việt Nam sẽ l&ecirc;n tới 1.100 hoặc 1.200 USD, thậm ch&iacute; c&oacute; thể l&agrave; 1.300 USD, những con số kh&ocirc;ng hề nhỏ.</p>\r\n\r\n<p>Nếu mức gi&aacute; n&oacute;i tr&ecirc;n (tức 1.000 USD trở l&ecirc;n) d&agrave;nh cho iPhone 8 v&agrave; Galaxy S8 trở th&agrave;nh sự thật? Hoặc giả sử như bạn dư giả, đang muốn mua smartphone cao cấp. L&uacute;c n&agrave;y bộ đ&ocirc;i kể tr&ecirc;n đ&atilde; c&oacute; mặt, liệu bạn c&oacute; sẵn l&ograve;ng trả mức gi&aacute; đ&oacute; cho ch&uacute;ng kh&ocirc;ng?</p>\r\n\r\n<p>C&acirc;u trả lời ở phần n&agrave;y m&igrave;nh sẽ d&agrave;nh cho bạn nh&eacute;, h&atilde;y thoải m&aacute;i n&ecirc;u cảm nghĩ ngay b&ecirc;n dưới. C&ograve;n giờ th&igrave; ch&uacute;ng ta h&atilde;y để thời gian trả lời...</p>', '2017-02-23 01:26:17', '2017-02-25 01:19:34', 1),
(9, 3, '7 ứng dụng tính phí đang được miễn phí cho iPhone, iPad (23/2/2017)', '7-ung-dung-tinh-phi-dang-duoc-mien-phi-cho-iphone-ipad-23-2-2017-', 'https://www.thegioididong.com', '4bdw_NcQL_P81t_cuocdidong_800x450.jpg', 'Hôm nay mình sẽ liệt kê 7 ứng dụng và game iOS tính phí được miễn phí có thời hạn, dĩ nhiên mốc thời gian này không được các nhà phát triển tiết lộ. Cho nên, các bạn dùng iPhone và iPad hãy nhanh tay lựa chọn ứng dụng nào phù hợp và tải về ngay, còn không thì tải về hết luôn cũng được.', '<p><strong>C&aacute;c bạn lưu &yacute;</strong>: Nếu c&oacute; ứng dụng n&agrave;o tải về kh&ocirc;ng được (vẫn thấy t&iacute;nh ph&iacute;), hoặc kh&ocirc;ng thấy hiển thị như ảnh chụp m&agrave;n h&igrave;nh b&ecirc;n dưới, h&atilde;y chuyển t&agrave;i khoản Apple ID của bạn sang khu vực Mỹ để tải về nh&eacute;! Tham khảo c&aacute;ch chuyển&nbsp;<a href=\"https://www.thegioididong.com/tin-tuc/cach-doi-vung-quoc-gia-tai-khoan-appstore--833727\" target=\"_blank\" title=\"Cách đổi Vùng Quốc Gia tài khoản Appstore để tải ứng dụng không hỗ trợ\" type=\"Cách đổi Vùng Quốc Gia tài khoản Appstore để tải ứng dụng không hỗ trợ\">tại đ&acirc;y</a>.</p>\r\n\r\n<p><a href=\"https://cdn.tgdd.vn/Files/2017/02/22/953325/iphone-store_640x1136.jpg\" rel=\"nofollow\" target=\"_blank\" title=\"Cần chuyển tài khoản Apple ID của bạn sang khu vực Mỹ\" type=\"Cần chuyển tài khoản Apple ID của bạn sang khu vực Mỹ\"><img alt=\"Cần chuyển tài khoản Apple ID của bạn sang khu vực Mỹ\" src=\"https://cdn.tgdd.vn/Files/2017/02/22/953325/iphone-store_640x1136.jpg\" title=\"Cần chuyển tài khoản Apple ID của bạn sang khu vực Mỹ\" /></a></p>\r\n\r\n<h3><strong>1. HOOK</strong></h3>\r\n\r\n<p>Đ&acirc;y l&agrave; tựa game giải đố gi&uacute;p thư gi&atilde;n rất tốt.</p>\r\n\r\n<p><img alt=\"\" src=\"https://www.thegioididong.com/tin-tuc/7-ung-dung-tinh-phi-dang-mien-phi-cho-iphone-ipad-23-2-2017-953325\" /></p>\r\n\r\n<p>Video giới thiệu HOOK</p>\r\n\r\n<p>Trước khi được miễn ph&iacute; HOOK c&oacute; gi&aacute; 0,99 USD tải<a href=\"https://itunes.apple.com/app/id956794130\" rel=\"nofollow\" target=\"_blank\" title=\"Tải HOOK\" type=\"Tải HOOK\">&nbsp;tại đ&acirc;y</a>&nbsp;| Hỗ trợ iOS 6.0 trở l&ecirc;n | Dung lượng 76.6 MB.</p>\r\n\r\n<h3><strong>2.&nbsp;Battle Tap Tap Pro</strong></h3>\r\n\r\n<p>Với tr&ograve; chơi n&agrave;y, bạn phải t&igrave;m đủ mọi c&aacute;ch chạm c&agrave;ng nhiều điểm tr&ecirc;n m&agrave;n h&igrave;nh c&agrave;ng tốt để gi&agrave;nh chiến thắng.</p>\r\n\r\n<p><img alt=\"Battle Tap Tap Pro\" src=\"https://cdn4.tgdd.vn/Files/2017/02/22/953325/battle-tap-tap-pro_1176x696.jpg\" title=\"Battle Tap Tap Pro\" /></p>\r\n\r\n<p>Trước khi được miễn ph&iacute; Battle Tap Tap Pro c&oacute; gi&aacute; 1,99 USD</p>\r\n\r\n<p>Tải&nbsp;Battle Tap Tap Pro&nbsp;<a href=\"https://itunes.apple.com/app/id507730704\" rel=\"nofollow\" target=\"_blank\" title=\"Tải Battle Tap Tap Pro\" type=\"Tải Battle Tap Tap Pro\">tại đ&acirc;y</a>&nbsp;| Hỗ trợ iOS 7.0 trở l&ecirc;n | Dung lượng 36.8 MB.</p>\r\n\r\n<h3><strong>3.&nbsp;Axion Run</strong></h3>\r\n\r\n<p>Trong tựa game n&agrave;y, bạn phải điều khiển quả cầu băng tr&aacute;nh c&agrave;ng xa quả cầu lửa để ghi được điểm số cao nhất.</p>\r\n\r\n<p><img alt=\"Axion Run\" src=\"https://cdn3.tgdd.vn/Files/2017/02/22/953325/axion-run_1176x696.jpg\" title=\"Axion Run\" /></p>\r\n\r\n<p>Trước khi được miễn ph&iacute; Axion Run c&oacute; gi&aacute; 9,99 USD</p>\r\n\r\n<p>Tải&nbsp;Axion Run&nbsp;<a href=\"https://itunes.apple.com/vn/app/axion-run/id959675694\" rel=\"nofollow\" target=\"_blank\" title=\"Tải Axion Run\" type=\"Tải Axion Run\">tại đ&acirc;y</a>&nbsp;| Hỗ trợ iOS 6.0 trở l&ecirc;n | Dung lượng 21.4 MB.</p>\r\n\r\n<h3><strong>4.&nbsp;Marble Camera</strong></h3>\r\n\r\n<p>Tạo h&igrave;nh ảnh Marble (đ&aacute; cẩm thạch) phong c&aacute;ch quyến rũ với c&aacute;c hiệu ứng Marble trong thời gian thực.</p>\r\n\r\n<p><img alt=\"Trước khi được miễn phí Marble Camera có giá 4,99 USD\" src=\"https://cdn2.tgdd.vn/Files/2017/02/22/953325/marble-camera_1176x696.jpg\" title=\"Trước khi được miễn phí Marble Camera có giá 4,99 USD\" /></p>\r\n\r\n<p>Trước khi được miễn ph&iacute; Marble Camera c&oacute; gi&aacute; 4,99 USD</p>\r\n\r\n<p>Tải&nbsp;Marble Camera&nbsp;<a href=\"https://itunes.apple.com/vn/app/marble-camera/id1054850421\" rel=\"nofollow\" target=\"_blank\" title=\"Tải Marble Camera\" type=\"Tải Marble Camera\">tại đ&acirc;y</a>&nbsp;| Hỗ trợ iOS 8.0 trở l&ecirc;n | Dung lượng 124 MB.</p>\r\n\r\n<h3><strong>5.&nbsp;Firstlight</strong></h3>\r\n\r\n<p>Firstlight l&agrave; ứng dụng chỉnh sửa ảnh theo phong c&aacute;ch Vintage ở độ ph&acirc;n giải cao với c&aacute;c bộ lọc v&agrave; hiệu ứng Retro ấn tượng.</p>\r\n\r\n<p><img alt=\"Trước khi được miễn phí Firstlight có giá 4,99 USD\" src=\"https://cdn1.tgdd.vn/Files/2017/02/22/953325/firstlight_1176x696.jpg\" title=\"Trước khi được miễn phí Firstlight có giá 4,99 USD\" /></p>\r\n\r\n<p>Trước khi được miễn ph&iacute; Firstlight c&oacute; gi&aacute; 4,99 USD</p>\r\n\r\n<p>Tải&nbsp;Firstlight&nbsp;<a href=\"https://itunes.apple.com/vn/app/firstlight-mashups-neural/id1092652238\" rel=\"nofollow\" target=\"_blank\" title=\"Tải Firstlight\" type=\"Tải Firstlight\">tại đ&acirc;y</a>&nbsp;| Hỗ trợ iOS 7.0 trở l&ecirc;n | Dung lượng 55.9 MB.</p>\r\n\r\n<h3><strong>6.&nbsp;Top Tank</strong></h3>\r\n\r\n<p>Game bắn xe tăng thuộc thể loại arcade cổ điển nay đ&atilde; c&oacute; mặt tr&ecirc;n m&agrave;n h&igrave;nh cảm ứng của thế kỷ 21. Nhảy v&agrave;o những cỗ m&aacute;y xe tăng bọc th&eacute;p nặng nề v&agrave; ti&ecirc;u diệt hết kẻ th&ugrave; trong 7 m&agrave;n chơi.</p>\r\n\r\n<p><img alt=\"\" src=\"https://www.thegioididong.com/tin-tuc/7-ung-dung-tinh-phi-dang-mien-phi-cho-iphone-ipad-23-2-2017-953325\" /></p>\r\n\r\n<p>Video giới thiệu Top Tank</p>\r\n\r\n<p>Trước khi được miễn ph&iacute;,&nbsp;Top Tank c&oacute; gi&aacute; 0,99 USD tải&nbsp;<a href=\"https://itunes.apple.com/vn/app/top-tank/id925229581\" rel=\"nofollow\" target=\"_blank\" title=\"Tải Top Tank\" type=\"Tải Top Tank\">tại đ&acirc;y</a>&nbsp;| Hỗ trợ iOS 8.0 trở l&ecirc;n | Dung lượng 25.8 MB.</p>\r\n\r\n<h3><strong>7.&nbsp;LivePix</strong></h3>\r\n\r\n<p>LivePix gi&uacute;p bạn xem, chỉnh sửa, chuyển đổi ảnh&nbsp;Live Photos sang định dạng ảnh động GIF hoặc video.</p>\r\n\r\n<p><img alt=\"LivePix\" src=\"https://cdn4.tgdd.vn/Files/2017/02/22/953325/livepix_1176x696.jpg\" title=\"LivePix\" /></p>\r\n\r\n<p>Trước khi được miễn ph&iacute; LivePix c&oacute; gi&aacute; 1,99 USD</p>\r\n\r\n<p>Tải&nbsp;LivePix&nbsp;<a href=\"https://itunes.apple.com/vn/app/livepix-live-photo-editor/id1051179821\" rel=\"nofollow\" target=\"_blank\" title=\"Tải LivePix\" type=\"Tải LivePix\">tại đ&acirc;y</a>&nbsp;| Hỗ trợ iOS 9.0 trở l&ecirc;n | Dung lượng 24.6 MB.</p>\r\n\r\n<p>Bạn nhận x&eacute;t thế n&agrave;o về 7 ứng dụng v&agrave; game t&iacute;nh ph&iacute; được miễn ph&iacute; cho iOS ph&iacute;a tr&ecirc;n? V&agrave; c&oacute; c&aacute;i n&agrave;o ph&ugrave; hợp với nhu cầu sử dụng của bạn?</p>', '2017-02-23 01:27:26', '2017-02-25 01:19:56', 1),
(11, 4, 'Tôi không bao giờ muốn gặp lại người yêu cũ', 'toi-khong-bao-gio-muon-gap-lai-nguoi-yeu-cu', 'http://giaitri.vnexpress.net', '8nJR_cRKX_TNCr_w-korea-song-hye-gyo-6148-1487792043.jpg', '\'Nữ thần châu Á\' cho rằng đó là cách thể hiện sự tôn trọng người mới của bạn trai cũ.', '<p>Tr&ecirc;n tạp ch&iacute;&nbsp;<em>W Korea</em>&nbsp;số th&aacute;ng 3,&nbsp;<a href=\"http://giaitri.vnexpress.net/tin-tuc/phim/sau-man-anh/nhung-vai-dien-gay-bao-cua-song-hye-kyo-qua-20-nam-3494933-p2.html\" target=\"_blank\">biểu tượng nhan sắc đ&igrave;nh đ&aacute;m xứ H&agrave;n</a>&nbsp;chia sẻ về sự nghiệp, t&igrave;nh y&ecirc;u, h&ocirc;n nh&acirc;n v&agrave; cuộc sống.</p>\r\n\r\n<p><strong>* Video:&nbsp;<a href=\"http://giaitri.vnexpress.net/tin-tuc/gioi-sao/quoc-te/song-hye-kyo-toi-khong-bao-gio-muon-gap-lai-nguoi-yeu-cu-3545493.html#\">Song Hye Kyo</a>&nbsp;khoe nhan sắc nữ thần tr&ecirc;n tạp ch&iacute;</strong></p>\r\n\r\n<p>&nbsp;</p>\r\n\r\n<p><iframe frameborder=\"0\" height=\"270\" id=\"player_119575_0\" src=\"http://video.vnexpress.net/parser.html?id=119575&amp;t=2&amp;ft=video&amp;si=1002691&amp;ap=0&amp;ishome=0&amp;player_id=119575_0&amp;articleId=3545493\" width=\"480\"></iframe></p>\r\n\r\n<p>&nbsp;</p>\r\n\r\n<p><a href=\"http://giaitri.vnexpress.net/tin-tuc/gioi-sao/quoc-te/song-hye-kyo-toi-khong-bao-gio-muon-gap-lai-nguoi-yeu-cu-3545493.html#\">Song Hye Kyo</a>&nbsp;cho biết khi y&ecirc;u, bạn trai l&agrave; tất cả v&agrave; c&ocirc; lu&ocirc;n cố gắng đem lại những g&igrave; tốt đẹp nhất cho người m&igrave;nh y&ecirc;u. Tuy nhi&ecirc;n, một khi mối quan hệ đ&atilde; kết th&uacute;c, c&ocirc; sẽ kh&ocirc;ng bao giờ nh&igrave;n lại.</p>\r\n\r\n<p>&quot;T&ocirc;i kh&ocirc;ng hối hận hay n&iacute;u k&eacute;o nếu cả hai chia tay v&igrave; t&ocirc;i đ&atilde; nỗ lực hết m&igrave;nh trong thời gian y&ecirc;u nhau. D&ugrave; t&ocirc;i cố gắng thế n&agrave;o đi nữa th&igrave; mối quan hệ ấy cũng kh&ocirc;ng thể h&agrave;n gắn&quot;, người đẹp chia sẻ.</p>\r\n\r\n<p>Khi được hỏi suy nghĩ về việc nhiều cặp sao xem nhau như người xa lạ sau chia tay d&ugrave; trước đ&oacute; n&oacute;i rằng sẽ đối xử với nhau như tiền bối - hậu bối,&nbsp;<a href=\"http://giaitri.vnexpress.net/tin-tuc/gioi-sao/quoc-te/song-hye-kyo-toi-khong-bao-gio-muon-gap-lai-nguoi-yeu-cu-3545493.html#\">Song Hye Kyo</a>&nbsp;đ&aacute;p: &quot;T&ocirc;i kh&ocirc;ng biết tr&aacute;i tim người ta phải bao dung đến mức n&agrave;o mới c&oacute; thể duy tr&igrave; mối quan hệ tiền bối v&agrave; hậu bối khi tan vỡ. Chẳng phải hai b&ecirc;n kh&ocirc;ng n&ecirc;n gặp nhau đến l&uacute;c chết hay sao? T&ocirc;i nghĩ đ&oacute; cũng l&agrave; c&aacute;ch thể hiện sự t&ocirc;n trọng người y&ecirc;u mới của họ&quot;.</p>\r\n\r\n<p>Nữ diễn vi&ecirc;n thậm ch&iacute; đ&atilde; hỏi bạn b&egrave; th&acirc;n thiết rằng liệu họ c&oacute; thể l&agrave;m bạn hay xem người y&ecirc;u cũ như anh ch&agrave;ng h&agrave;ng x&oacute;m cũ. &quot;Bạn b&egrave; t&ocirc;i trả lời kh&ocirc;ng bao giờ, bởi h&agrave;ng x&oacute;m cũ &iacute;t ra c&ograve;n c&oacute; thể gi&uacute;p họ đ&oacute;ng một c&aacute;i đinh&quot;,&nbsp;<a href=\"http://giaitri.vnexpress.net/tin-tuc/gioi-sao/quoc-te/song-hye-kyo-toi-khong-bao-gio-muon-gap-lai-nguoi-yeu-cu-3545493.html#\">Song Hye Kyo</a>&nbsp;kể lại.</p>\r\n\r\n<table align=\"center\" border=\"0\" cellpadding=\"3\" cellspacing=\"0\">\r\n	<tbody>\r\n		<tr>\r\n			<td><img alt=\"song-hye-kyo-toi-khong-bao-gio-muon-gap-lai-nguoi-yeu-cu\" src=\"http://img.f9.giaitri.vnecdn.net/2017/02/23/w-korea-song-hye-gyo-6148-1487792043.jpg\" /></td>\r\n		</tr>\r\n		<tr>\r\n			<td>\r\n			<p>Nữ diễn vi&ecirc;n kh&ocirc;ng sợ tuổi gi&agrave; nhưng lại hối tiếc v&igrave; kh&ocirc;ng chịu kh&oacute; giảm c&acirc;n khi c&ograve;n trẻ.</p>\r\n			</td>\r\n		</tr>\r\n	</tbody>\r\n</table>\r\n\r\n<p>Ở tuổi 36,&nbsp;mỹ nh&acirc;n&nbsp;<a href=\"http://giaitri.vnexpress.net/tin-tuc/phim/sau-man-anh/ngay-ay-bay-gio-cua-dan-dien-vien-phim-trai-tim-mua-thu-3478737.html\" target=\"_blank\"><em>Tr&aacute;i tim m&ugrave;a thu</em></a>&nbsp;kh&ocirc;ng c&ograve;n ảo tưởng về h&ocirc;n nh&acirc;n. Khi c&ograve;n trẻ, người đẹp nghĩ kết h&ocirc;n l&agrave; điều dễ d&agrave;ng, nhưng khi c&oacute; tuổi,&nbsp;<a href=\"http://giaitri.vnexpress.net/tin-tuc/gioi-sao/quoc-te/song-hye-kyo-toi-khong-bao-gio-muon-gap-lai-nguoi-yeu-cu-3545493.html#\">Song Hye Kyo</a>&nbsp;nhận ra h&ocirc;n nh&acirc;n giống như một canh bạc. Hiện tại&nbsp;c&ocirc;&nbsp;kh&ocirc;ng gặp gỡ nhiều người, đồng thời ti&ecirc;u chuẩn đ&aacute;nh gi&aacute; bạn đời tương lai cũng khắt khe hơn.</p>\r\n\r\n<p>Ngo&agrave;i chia sẻ về t&igrave;nh y&ecirc;u v&agrave; h&ocirc;n nh&acirc;n,&nbsp;nữ diễn vi&ecirc;n cho biết c&ocirc;&nbsp;kh&ocirc;ng sợ c&oacute; nếp nhăn hay gi&agrave; đi nhưng lại nuối tiếc v&igrave; kh&ocirc;ng&nbsp;chịu giảm c&acirc;n khi c&ograve;n trẻ. Người đẹp t&acirc;m sự tạng người c&ocirc; dễ tăng c&acirc;n, v&igrave; thế c&ocirc; tập yoga đều đặn bốn lần&nbsp;mỗi tuần&nbsp;v&agrave; &quot;nghiện&quot; tập thể dục trong thời gian gần đ&acirc;y.</p>\r\n\r\n<table align=\"center\" border=\"0\" cellpadding=\"3\" cellspacing=\"0\">\r\n	<tbody>\r\n		<tr>\r\n			<td><img alt=\"song-hye-kyo-toi-khong-bao-gio-muon-gap-lai-nguoi-yeu-cu-1\" src=\"http://img.f9.giaitri.vnecdn.net/2017/02/23/16864086-1112086828913586-2555-5262-4742-1487792043.jpg\" /></td>\r\n		</tr>\r\n		<tr>\r\n			<td>\r\n			<p><a href=\"http://giaitri.vnexpress.net/tin-tuc/gioi-sao/quoc-te/song-hye-kyo-toi-khong-bao-gio-muon-gap-lai-nguoi-yeu-cu-3545493.html#\">Song Hye Kyo</a>&nbsp;xuất hiện tại sự kiện thời trang ở London h&ocirc;m 20/2.</p>\r\n			</td>\r\n		</tr>\r\n	</tbody>\r\n</table>\r\n\r\n<p><a href=\"http://giaitri.vnexpress.net/tin-tuc/gioi-sao/quoc-te/song-hye-kyo-toi-khong-bao-gio-muon-gap-lai-nguoi-yeu-cu-3545493.html#\">Song Hye Kyo</a>&nbsp;sinh năm 1981 tại Daegu, H&agrave;n Quốc. C&ocirc; gia nhập l&agrave;ng giải tr&iacute; từ năm 14 tuổi với vai tr&ograve; mẫu ảnh.&nbsp;Hơn 20 năm tr&ocirc;i qua, c&ocirc; nữ sinh chập chững bước v&agrave;o l&agrave;ng giải tr&iacute; ng&agrave;y n&agrave;o đ&atilde; trở th&agrave;nh&nbsp;<a href=\"http://giaitri.vnexpress.net/photo/quoc-te/song-hye-kyo-dung-dau-top-10-nu-than-chau-a-2016-3478240.html\" target=\"_blank\">&quot;nữ thần ch&acirc;u &Aacute;&quot;</a>&nbsp;v&agrave; diễn vi&ecirc;n được y&ecirc;u mến h&agrave;ng đầu m&agrave;n ảnh H&agrave;n.</p>\r\n\r\n<p><strong>* Vide</strong><strong>o:</strong>&nbsp;<strong><a href=\"http://giaitri.vnexpress.net/tin-tuc/gioi-sao/quoc-te/song-hye-kyo-toi-khong-bao-gio-muon-gap-lai-nguoi-yeu-cu-3545493.html#\">Song Hye Kyo</a>&nbsp;thu h&uacute;t mọi &aacute;nh nh&igrave;n tại London</strong></p>\r\n\r\n<p>&nbsp;</p>\r\n\r\n<p><iframe frameborder=\"0\" height=\"270\" id=\"player_119576_1\" src=\"http://video.vnexpress.net/parser.html?id=119576&amp;t=2&amp;ft=video&amp;si=1002691&amp;ap=0&amp;ishome=0&amp;player_id=119576_1&amp;articleId=3545493\" width=\"480\"></iframe></p>\r\n\r\n<p>&nbsp;</p>\r\n\r\n<p>Người đẹp tuổi Dậu từng trải qua hai mối t&igrave;nh tốn giấy mực của giới truyền th&ocirc;ng.&nbsp;Trong khi t&igrave;nh cũ&nbsp;Lee Byung Hun đ&atilde; kết h&ocirc;n với Lee Min Jung, Hyun Bin&nbsp;<a href=\"http://giaitri.vnexpress.net/tin-tuc/gioi-sao/quoc-te/nguoi-yeu-cu-song-hye-kyo-cong-khai-ban-gai-moi-3513803.html?utm_source=search_vne\" target=\"_blank\">c&ocirc;ng khai hẹn h&ograve;</a>&nbsp;mỹ nh&acirc;n 9X&nbsp;Kang So Ra&nbsp;th&igrave;&nbsp;<a href=\"http://giaitri.vnexpress.net/tin-tuc/gioi-sao/quoc-te/song-hye-kyo-toi-khong-bao-gio-muon-gap-lai-nguoi-yeu-cu-3545493.html#\">Song Hye Kyo</a>&nbsp;vẫn lẻ b&oacute;ng. Nhiều fan g&aacute;n gh&eacute;p c&ocirc; với Song Jong Ki nhưng nữ diễn vi&ecirc;n cho biết họ chỉ l&agrave; chị em tốt.</p>', '2017-02-23 07:54:42', '2017-02-25 01:17:34', 1),
(12, 4, 'Hoài Linh co ro giữa tuyết đóng phim \'Dạ cổ hoài lang', 'hoai-linh-co-ro-giua-tuyet-dong-phim-da-co-hoai-lang', 'giaitri.vnexpress.net', 'MTWK_Co3U_RVT3_hoai-linh-1-1487773765_660x0.jpg', 'Nghệ sĩ Ưu tú hóa thành ông Tư trong phim điện ảnh do đạo diễn Quang Dũng chuyển thể từ vở kịch nổi tiếng.', '<h3>Nghệ sĩ Ưu t&uacute; h&oacute;a th&agrave;nh &ocirc;ng Tư trong phim điện ảnh do đạo diễn Quang Dũng chuyển thể từ vở kịch nổi tiếng.</h3>\r\n\r\n<ul>\r\n	<li><a href=\"http://giaitri.vnexpress.net/tin-tuc/san-khau-my-thuat/san-khau/hoai-linh-lan-dau-dien-voi-trung-dan-tren-san-khau-3544609.html\" title=\"Hoài Linh lần đầu diễn với Trung Dân trên sân khấu\">Ho&agrave;i Linh lần đầu diễn với Trung D&acirc;n tr&ecirc;n s&acirc;n khấu</a>&nbsp;/&nbsp;<a href=\"http://giaitri.vnexpress.net/tin-tuc/truyen-hinh/hoai-linh-che-nam-em-dien-hai-kho-cuoi-3532151.html\" title=\"Hoài Linh chê Nam Em diễn hài khó cười\">Ho&agrave;i Linh ch&ecirc; Nam Em diễn h&agrave;i kh&oacute; cười</a>&nbsp;/&nbsp;<a href=\"http://giaitri.vnexpress.net/tin-tuc/truyen-hinh/hoai-linh-mac-trang-phuc-10-kg-trong-tao-quan-2017-3531745.html\" title=\"Hoài Linh mặc trang phục 10 kg trong Táo quân 2017\">Ho&agrave;i Linh mặc trang phục 10 kg trong T&aacute;o qu&acirc;n 2017</a></li>\r\n</ul>\r\n\r\n<p><img alt=\"Hoài Linh co ro giữa tuyết đóng phim \'Dạ cổ hoài lang\'\" id=\"vne_slide_image_0\" src=\"http://img.f10.giaitri.vnecdn.net/2017/02/22/hoai-linh-1-1487773765_660x0.jpg\" />&nbsp;</p>\r\n\r\n<p>Trong phim mới, danh h&agrave;i thể hiện vai một &ocirc;ng l&atilde;o người Việt ở Mỹ c&oacute;&nbsp;<a href=\"http://giaitri.vnexpress.net/tin-tuc/phim/sau-man-anh/hoai-linh-dong-vai-ong-gia-giua-tuyet-trang-canada-3367908.html\" target=\"_blank\">nhiều t&acirc;m sự</a>&nbsp;ho&agrave;i hương. &Ocirc;ng thường xuy&ecirc;n đối diện với nỗi nhớ qu&ecirc; do kh&aacute;c biệt về lối sống, văn h&oacute;a, khoảng c&aacute;ch thế hệ nơi đất kh&aacute;ch. Đ&acirc;y l&agrave; nh&acirc;n vật trong vở&nbsp;<a href=\"http://giaitri.vnexpress.net/tin-tuc/san-khau-my-thuat/thanh-loc-mang-da-co-hoai-lang-sang-my-luu-dien-3447488.html\"><em>Dạ cổ ho&agrave;i lang</em></a>&nbsp;của NSƯT Thanh Ho&agrave;ng.&nbsp;</p>\r\n\r\n<p>&nbsp;</p>\r\n\r\n<p>&nbsp;</p>\r\n\r\n<p><iframe frameborder=\"0\" height=\"270\" id=\"player_119549_0\" src=\"http://video.vnexpress.net/parser.html?id=119549&amp;t=2&amp;ft=video&amp;si=1002691&amp;ap=0&amp;ishome=0&amp;player_id=119549_0&amp;articleId=3545478\" width=\"480\"></iframe></p>\r\n\r\n<p><br />\r\nTr&iacute;ch đoạn kịch &quot;Dạ cổ ho&agrave;i lang&quot; do NSƯT Th&agrave;nh Lộc v&agrave; Việt Anh diễn.</p>\r\n\r\n<p>&nbsp;</p>\r\n\r\n<p>&nbsp;</p>\r\n\r\n<p><img alt=\"Hoài Linh co ro giữa tuyết đóng phim \'Dạ cổ hoài lang\'\" id=\"vne_slide_image_1\" src=\"http://img.f12.giaitri.vnecdn.net/2017/02/22/hoai-linh-2-1487773767_660x0.jpg\" />&nbsp;</p>\r\n\r\n<p>Ho&agrave;i Linh thể hiện t&acirc;m trạng của một &ocirc;ng l&atilde;o c&ocirc; đơn, lạc l&otilde;ng giữa tiết trời &acirc;m 20 độ C. Để quay được bối cảnh tuyết rơi ph&ugrave; hợp, đo&agrave;n l&agrave;m phim phải chuyển sang Canada.&nbsp;</p>\r\n\r\n<p>&nbsp;</p>\r\n\r\n<p><img alt=\"Hoài Linh co ro giữa tuyết đóng phim \'Dạ cổ hoài lang\'\" id=\"vne_slide_image_2\" src=\"http://img.f12.giaitri.vnecdn.net/2017/02/22/hoai-linh-3-1487773769_660x0.jpg\" />&nbsp;</p>\r\n\r\n<p>Đạo diễn Nguyễn Quang Dũng chia sẻ Ho&agrave;i Linh l&agrave; người đầu ti&ecirc;n anh nghĩ đến khi t&igrave;m diễn vi&ecirc;n cho vai &ocirc;ng Tư. Khi được&nbsp;<a href=\"http://giaitri.vnexpress.net/tin-tuc/phim/sau-man-anh/dung-khung-toi-may-man-co-hoai-linh-dong-da-co-hoai-lang-3366535.html\">ngỏ lời</a>&nbsp;mời, danh h&agrave;i nhiệt t&igrave;nh đồng &yacute;. NSƯT cũng từng đoạt giải Mai v&agrave;ng năm 2009 khi thể hiện nh&acirc;n vật n&agrave;y tr&ecirc;n s&acirc;n khấu kịch 5B V&otilde; Văn Tần.</p>\r\n\r\n<p>&nbsp;</p>\r\n\r\n<p><img alt=\"Hoài Linh co ro giữa tuyết đóng phim \'Dạ cổ hoài lang\'\" id=\"vne_slide_image_3\" src=\"http://img.f12.giaitri.vnecdn.net/2017/02/22/hoai-linh-5-1487773774_660x0.jpg\" />&nbsp;</p>\r\n\r\n<p>Theo đạo diễn, m&agrave;u sắc ch&iacute;nh của phim l&agrave; bi, nhưng cũng c&oacute; nhiều chi tiết h&agrave;i hước từ mối quan hệ của người gi&agrave; - người trẻ.</p>\r\n\r\n<p>&nbsp;</p>\r\n\r\n<p><img alt=\"Hoài Linh co ro giữa tuyết đóng phim \'Dạ cổ hoài lang\'\" id=\"vne_slide_image_4\" src=\"http://img.f11.giaitri.vnecdn.net/2017/02/22/hoai-linh-4-1487773771_660x0.jpg\" />&nbsp;</p>\r\n\r\n<p>Ho&agrave;i Linh &ocirc;n lại kịch bản trước khi quay. Anh được đo&agrave;n l&agrave;m phim đ&aacute;nh gi&aacute; l&agrave; hết l&ograve;ng v&igrave; c&ocirc;ng việc khi chịu đựng thời tiết khắc nghiệt ở Canada trong thời gian quay.</p>\r\n\r\n<p>&nbsp;</p>\r\n\r\n<p><img alt=\"Hoài Linh co ro giữa tuyết đóng phim \'Dạ cổ hoài lang\'\" id=\"vne_slide_image_5\" src=\"http://img.f10.giaitri.vnecdn.net/2017/02/22/hoai-linh-6-1487773776_660x0.jpg\" />&nbsp;</p>\r\n\r\n<p>Nghệ sĩ Ch&iacute; T&agrave;i (phải) l&agrave; bạn diễn ch&iacute;nh của Ho&agrave;i Linh trong phim. Cặp diễn vi&ecirc;n c&oacute; thời gian d&agrave;i gắn b&oacute; khi lập nghiệp ở Mỹ v&agrave; thấm nỗi vất vả, thăng trầm trong cuộc sống nơi đất kh&aacute;ch.</p>\r\n\r\n<p>&nbsp;</p>\r\n\r\n<p><img alt=\"Hoài Linh co ro giữa tuyết đóng phim \'Dạ cổ hoài lang\'\" id=\"vne_slide_image_6\" src=\"http://img.f11.giaitri.vnecdn.net/2017/02/22/hoai-linh-8-1487773912_660x0.jpg\" />&nbsp;</p>\r\n\r\n<p>Poster phim&nbsp;<em>Dạ cổ ho&agrave;i lang</em>. Phim c&ograve;n c&oacute; sự g&oacute;p mặt của&nbsp;NSƯT Ngọc Hiệp, NSƯT Thanh Ho&agrave;ng, Thanh Thủy, Đ&igrave;nh Hiếu, Will (cựu th&agrave;nh vi&ecirc;n nh&oacute;m 365), Thanh Mỹ, Trọng Khang...&nbsp;</p>', '2017-02-23 08:09:12', '2017-02-25 01:14:52', 1),
(13, 4, 'Vũ Thu Phương tái xuất sàn catwalk sau 6 năm cưới chồng', 'vu-thu-phuong-tai-xuat-san-catwalk-sau-6-nam-cuoi-chong', 'http://giaitri.vnexpress.net', 'LHgA_D4Ko_GRfq_vu-thu-phuong-3-1487819622_660x0.jpg', 'Cựu người mẫu sắp trình diễn trong show áo dài ngày 1/3 tại TP HCM.', '<h3>Cựu người mẫu sắp tr&igrave;nh diễn trong show &aacute;o d&agrave;i ng&agrave;y 1/3 tại TP HCM.</h3>\r\n\r\n<ul>\r\n	<li><a href=\"http://giaitri.vnexpress.net/photo/sao-dep-sao-xau/vu-thu-phuong-khoe-chong-con-trong-su-kien-3491874.html\" title=\"Vũ Thu Phương khoe chồng con trong sự kiện\">Vũ Thu Phương khoe chồng con trong sự kiện</a>&nbsp;/&nbsp;<a href=\"http://giaitri.vnexpress.net/photo/bo-suu-tap/vu-thu-phuong-giam-27-kg-de-mac-dam-bo-3431851.html\" title=\"Vũ Thu Phương giảm 27 kg để mặc đầm bó\">Vũ Thu Phương giảm 27 kg để mặc đầm b&oacute;</a></li>\r\n</ul>\r\n\r\n<p><img alt=\"Vũ Thu Phương tái xuất sàn catwalk sau 6 năm cưới chồng\" id=\"vne_slide_image_0\" src=\"http://img.f12.giaitri.vnecdn.net/2017/02/23/vu-thu-phuong-1-1487819621_660x0.jpg\" />&nbsp;</p>\r\n\r\n<p>Vũ Thu Phương l&agrave; kh&aacute;ch mời trong đ&ecirc;m diễn thời trang - văn h&oacute;a về &aacute;o d&agrave;i xưa v&agrave; nay. Đ&acirc;y l&agrave; lần đầu c&ocirc; trở lại catwalk sau thời gian d&agrave;i tập trung cho gia đ&igrave;nh v&agrave; kinh doanh. Vũ Thu Phương từng l&agrave; một trong những người mẫu đ&igrave;nh đ&aacute;m của l&agrave;ng thời trang Việt, c&ugrave;ng thế hệ người mẫu Ho&agrave;ng Yến, Ngọc Quy&ecirc;n, Ngọc Thạch... Năm 2011, c&ocirc;&nbsp;<a href=\"http://giaitri.vnexpress.net/tin-tuc/gioi-sao/trong-nuoc/co-dau-vu-thu-phuong-di-cano-den-le-cuoi-1915817.html\" target=\"_blank\">kết h&ocirc;n</a>&nbsp;với doanh nh&acirc;n Trấn Thanh Hải v&agrave; tạm dừng hoạt động showbiz để chăm s&oacute;c gia đ&igrave;nh v&agrave; hai con nhỏ.</p>\r\n\r\n<p>&nbsp;</p>\r\n\r\n<p><img alt=\"Vũ Thu Phương tái xuất sàn catwalk sau 6 năm cưới chồng\" id=\"vne_slide_image_1\" src=\"http://img.f10.giaitri.vnecdn.net/2017/02/23/vu-thu-phuong-2-1487819621_660x0.jpg\" />&nbsp;</p>\r\n\r\n<p>Vắng b&oacute;ng tr&ecirc;n s&agrave;n thời trang đ&atilde; l&acirc;u, Vũ Thu Phương cho biết c&ocirc; vẫn quan s&aacute;t l&agrave;ng mốt với vai tr&ograve; l&agrave; nh&agrave; thiết kế.</p>\r\n\r\n<p>&nbsp;</p>\r\n\r\n<p><img alt=\"Vũ Thu Phương tái xuất sàn catwalk sau 6 năm cưới chồng\" id=\"vne_slide_image_2\" src=\"http://img.f9.giaitri.vnecdn.net/2017/02/23/vu-thu-phuong-3-1487819622_660x0.jpg\" />&nbsp;</p>\r\n\r\n<p>MC Tr&aacute;c Th&uacute;y Mi&ecirc;u hướng dẫn cựu người mẫu đường đi catwalk. Show diễn quy tụ c&aacute;c mẫu &aacute;o d&agrave;i của bảy nh&agrave; thiết kế gồm Sĩ Ho&agrave;ng, Thủy Nguyễn, Adrian Anh Tuấn, H&agrave; Linh Thư, T&ugrave;ng Vũ, Chu La, T&uacute; Ng&ocirc; v&agrave; Nguyễn Minh Ph&uacute;c.</p>\r\n\r\n<p>&nbsp;</p>\r\n\r\n<p><img alt=\"Vũ Thu Phương tái xuất sàn catwalk sau 6 năm cưới chồng\" id=\"vne_slide_image_3\" src=\"http://img.f9.giaitri.vnecdn.net/2017/02/23/vu-thu-phuong-5-1487819623_660x0.jpg\" />&nbsp;</p>\r\n\r\n<p>Từ tr&aacute;i qua: MC Tr&aacute;c Th&uacute;y Mi&ecirc;u, nh&agrave; thiết kế Sĩ Ho&agrave;ng, Vũ Thu Phương v&agrave; gi&aacute;m đốc s&aacute;ng tạo Nguyễn Ho&agrave;ng Anh.</p>\r\n\r\n<p>&nbsp;</p>\r\n\r\n<p><img alt=\"Vũ Thu Phương tái xuất sàn catwalk sau 6 năm cưới chồng\" id=\"vne_slide_image_4\" src=\"http://img.f11.giaitri.vnecdn.net/2017/02/23/vu-thu-phuong-6-1487819624_660x0.jpg\" />&nbsp;</p>\r\n\r\n<p>Người đẹp sinh năm 1985 khoe d&aacute;ng với &aacute;o d&agrave;i chấm bi.</p>\r\n\r\n<p>&nbsp;</p>\r\n\r\n<p><img alt=\"Vũ Thu Phương tái xuất sàn catwalk sau 6 năm cưới chồng\" id=\"vne_slide_image_5\" src=\"http://img.f12.giaitri.vnecdn.net/2017/02/23/vu-thu-phuong-7-1487819624_660x0.jpg\" />&nbsp;</p>\r\n\r\n<p>C&ocirc; trao đổi &yacute; tưởng c&ugrave;ng nh&agrave; thiết kế&nbsp;Adrian Anh Tuấn.</p>', '2017-02-23 08:10:42', '2017-02-25 01:14:41', 1),
(14, 1, 'Phần 5: Tìm hiểu quy trình xử lý dữ liệu trên file trong PHP', 'phan-5-tim-hieu-quy-trinh-xu-ly-du-lieu-tren-file-trong-php', 'http://www.php.com.vn/', 'DsSz_2AgY_cake-php-features.jpg', 'Một trong những tác vụ đặc biệt của PHP đó là cho phép xử lý dữ liệu trực tiếp thông qua quá trình nhận và đọc nội dung trên 1 file dữ liệu. Điều này giúp cho PHP', '<p><strong>Một trong những t&aacute;c vụ đặc biệt của&nbsp;<a href=\"http://www.php.com.vn/tag/php\" rel=\"tag\" title=\"Posts tagged with PHP\">PHP</a>&nbsp;đ&oacute; l&agrave; cho ph&eacute;p xử l&yacute; dữ liệu trực tiếp th&ocirc;ng qua qu&aacute; tr&igrave;nh nhận v&agrave; đọc nội dung tr&ecirc;n 1 file dữ liệu. Điều n&agrave;y gi&uacute;p cho&nbsp;<a href=\"http://www.php.com.vn/tag/php\" rel=\"tag\" title=\"Posts tagged with PHP\">PHP</a>&nbsp;trở n&ecirc;n tinh tế v&agrave; dễ t&ugrave;y biến hơn khi xử l&yacute; 1 lượng dữ liệu c&oacute; quy m&ocirc; lớn. Việc thao t&aacute;c mở, đọc, ghi, đ&oacute;ng file n&agrave;y cũng c&oacute; &yacute; nghĩa tuần tự như bạn đang l&agrave;m việc trực tiếp tr&ecirc;n 1 file dữ liệu thực thụ.</strong></p>\r\n\r\n<p>1- Đ&oacute;ng, mở 1 file trong PHP:</p>\r\n\r\n<p>Để mở 1 file ta sử dụng c&uacute; ph&aacute;p sau: fopen(&ldquo;Đường dẫn&rdquo;, thuộc t&iacute;nh).</p>\r\n\r\n<p>Trong đ&oacute; Đường dẫn ch&iacute;nh l&agrave; đường dẫn tới file cần mở.</p>\r\n\r\n<p>Thuộc t&iacute;nh bao gồm c&aacute;c quyền hạn cho ph&eacute;p thao t&aacute;c tr&ecirc;n file đ&oacute; như thế n&agrave;o.</p>\r\n\r\n<p><strong>C&aacute;c thuộc t&iacute;nh cơ bản :</strong></p>\r\n\r\n<p><img alt=\"php bai 5 01 Phần 5: Tìm hiểu quy trình xử lý dữ liệu trên file trong PHP\" src=\"http://www.php.com.vn/images/post/2014/01/28/17//php_bai_5_01.gif\" title=\"Phần 5: Tìm hiểu quy trình xử lý dữ liệu trên file trong PHP\" /></p>\r\n\r\n<p>&nbsp;</p>\r\n\r\n<p>V&iacute; dụ:</p>\r\n\r\n<p>&nbsp;</p>\r\n\r\n<p><!--?php</p--></p>\r\n\r\n<p>$fp=fopen(&ldquo;test.txt&rdquo;,r)or exit(&ldquo;khong tim thay file can mo&rdquo;);</p>\r\n\r\n<p>?&gt;</p>\r\n\r\n<p>Tương tự như thế, để đ&oacute;ng 1 file ta c&oacute; c&uacute; ph&aacute;p như sau: fclose(file vừa mở)</p>\r\n\r\n<p>V&iacute; dụ:</p>\r\n\r\n<p>&nbsp;</p>\r\n\r\n<p><!--?php</p--></p>\r\n\r\n<p>$fp=fopen(&ldquo;test.txt&rdquo;,r)or exit(&ldquo;khong tim thay file can mo&rdquo;);</p>\r\n\r\n<p>fclose($fp);</p>\r\n\r\n<p>?&gt;</p>\r\n\r\n<p>Việc mở v&agrave; đ&oacute;ng n&agrave;y kh&ocirc;ng c&oacute; &yacute; nghĩa l&agrave; ch&uacute;ng đ&atilde; được đọc. Muốn đọc được nội dung của file ch&uacute;ng ta lại tiếp tục với thao t&aacute;c lấy dữ liệu từ file nữa.</p>\r\n\r\n<p>2- Đọc v&agrave; ghi file trong PHP.</p>\r\n\r\n<p>a) Đọc 1 file trong PHP</p>\r\n\r\n<p>PHP cho ta nhiều sự lựa chọn trong việc đọc 1 file. C&oacute; nhiều h&igrave;nh thức hỗ trợ nhưng hiện nay 2 h&igrave;nh thức phổ biến nhất vẫn l&agrave; đọc file theo từng d&ograve;ng v&agrave; đọc file theo từng k&yacute; tự.</p>\r\n\r\n<p>&ndash; Đọc file theo từng d&ograve;ng:</p>\r\n\r\n<p>C&uacute; ph&aacute;p : fgets(file vừa mở).</p>\r\n\r\n<p>V&iacute; dụ:</p>\r\n\r\n<p><!--?php</p--></p>\r\n\r\n<p>$fp=fopen(&ldquo;test.txt&rdquo;,r)or exit(&ldquo;khong tim thay file can mo&rdquo;);</p>\r\n\r\n<p>echo fgets($fp);</p>\r\n\r\n<p>fclose($fp);</p>\r\n\r\n<p>?&gt;</p>\r\n\r\n<p>&ndash; Đọc file theo từng k&yacute; tự:</p>\r\n\r\n<p>C&uacute; ph&aacute;p : fgetc(file vừa mở).</p>\r\n\r\n<p>&nbsp;</p>\r\n\r\n<p>V&iacute; dụ:</p>\r\n\r\n<p><!--?php</p--></p>\r\n\r\n<p>$fp=fopen(&ldquo;test.txt&rdquo;,r)or exit(&ldquo;khong tim thay file can mo&rdquo;);</p>\r\n\r\n<p>echo fgetc($fp);</p>\r\n\r\n<p>fclose($fp);</p>\r\n\r\n<p>?&gt;</p>\r\n\r\n<p>Quy tr&igrave;nh đọc sẽ diễn ra theo từng y&ecirc;u cầu của c&uacute; ph&aacute;p sử dụng. Nhưng sẽ c&oacute; sự r&agrave;ng buộc bởi việc kiểm tra đ&atilde; đến cuối file chưa ?.</p>\r\n\r\n<p>Ở đ&acirc;y ch&uacute;ng ta d&ugrave;ng c&uacute; ph&aacute;p sau:&nbsp;<strong>feof(file vừa mở)</strong></p>\r\n\r\n<p>V&iacute; dụ:</p>\r\n\r\n<p><!--?php</p--></p>\r\n\r\n<p>$fp=fopen(&ldquo;test.txt&rdquo;,r)or exit(&ldquo;khong tim thay file can mo&rdquo;);</p>\r\n\r\n<p>while(!feof($fp))</p>\r\n\r\n<p>{</p>\r\n\r\n<p>echo fgets($fp);</p>\r\n\r\n<p>}</p>\r\n\r\n<p>fclose($fp);</p>\r\n\r\n<p>?&gt;</p>\r\n\r\n<p>&nbsp;</p>\r\n\r\n<p><em>b) Ghi 1 file trong PHP</em></p>\r\n\r\n<p>PHP cung cấp cho ta 1 c&uacute; ph&aacute;p nhỏ để ghi dữ liệu v&agrave;o 1file</p>\r\n\r\n<p><strong>C&uacute; ph&aacute;p cơ bản :</strong>&nbsp;fwrite(&ldquo;file vừa mở&rdquo;, &ldquo;Nội dung cần ghi v&agrave;o file&rdquo;)</p>\r\n\r\n<p>V&iacute; dụ:</p>\r\n\r\n<p><!--?php</p--></p>\r\n\r\n<p>$fp=fopen(&ldquo;test.txt&rdquo;,a)or exit(&ldquo;khong tim thay file can mo&rdquo;);</p>\r\n\r\n<p>$news=&rdquo;Trung Tam Tin hoc Viet Chuyenn&rdquo;;</p>\r\n\r\n<p>fwrite($fp,$news);</p>\r\n\r\n<p>fclose($fp);</p>\r\n\r\n<p>?&gt;</p>\r\n\r\n<p><strong>Tổng kết:</strong></p>\r\n\r\n<p>Việc sử dụng file một c&aacute;ch th&agrave;nh thạo sẽ gi&uacute;p bạn dễ d&agrave;ng vận h&agrave;nh c&aacute;c ứng dụng mang quy m&ocirc; vừa v&agrave; nhỏ như: website nhiều ng&ocirc;n ngữ, bộ đếm,&hellip;v&agrave; cả những c&ocirc;ng nghệ web mới như XML một c&aacute;ch dễ d&agrave;ng. Qua b&agrave;i học n&agrave;y ch&uacute;ng ta cũng hiểu được nguy&ecirc;n l&yacute; hoạt động, tr&igrave;nh tự xử l&yacute; 1 file dữ liệu khi ch&uacute;ng được triệu gọi trong t&agrave;i liệu PHP.</p>\r\n\r\n<p>B&agrave;i tập &aacute;p dụng:</p>\r\n\r\n<p>&nbsp;</p>\r\n\r\n<p>X&acirc;y dựng bộ đếm cho website, mỗi khi kh&aacute;ch truy cập th&igrave; sẽ tự động tăng l&ecirc;n 1 gi&aacute; trị.</p>', '2017-02-23 14:26:44', '2017-02-25 01:17:52', 1),
(15, 4, 'Thái Châu \'đứng hình\' trước giọng hát của Phương Trinh Jolie', 'thai-chau-dung-hinh-truoc-giong-hat-cua-phuong-trinh-jolie', 'http://giaitri.vnexpress.net', 'st7X_tawk_E3Mi_phuong-trinh-jolie-1-2169-1487904814.jpg', 'Danh ca hải ngoại khen giọng hát trẻ khi cô diễn nhạc phẩm Nhật trong tập mở màn \"Hãy nghe tôi hát\" phát sóng tối 23/2.', '<p>Đ&ecirc;m chi c&oacute; chủ đề&nbsp;<em>&Yacute; Lan -&nbsp;</em><em>T&igrave;nh kh&uacute;c cho nhau.&nbsp;</em>S&aacute;u th&iacute; sinh phải h&aacute;t lại những ca kh&uacute;c gắn liền với t&ecirc;n tuổi của danh ca theo phong c&aacute;ch mới lạ, ri&ecirc;ng biệt.</p>\r\n\r\n<p>* Video:&nbsp;<strong>Phương Trinh h&aacute;t &quot;Sa mạc t&igrave;nh y&ecirc;u&quot;</strong></p>\r\n\r\n<p><iframe frameborder=\"0\" height=\"270\" id=\"player_119928_0\" src=\"http://video.vnexpress.net/parser.html?id=119928&amp;t=2&amp;ft=video&amp;si=1002691&amp;ap=0&amp;ishome=0&amp;player_id=119928_0&amp;articleId=3546160\" width=\"480\"></iframe></p>\r\n\r\n<p>Phương Trinh Jolie chọn&nbsp;<em>Sa mạc t&igrave;nh y&ecirc;u</em>&nbsp;(nhạc Nhật, lời Việt: Kh&uacute;c Lan) để thể hiện. C&ocirc; h&oacute;a th&acirc;n th&agrave;nh n&agrave;ng Geisha trong trang phục kimono với những m&agrave;n m&uacute;a d&ugrave;, kiếm điệu nghệ. Tiết mục được d&agrave;n dựng dựa tr&ecirc;n hoạt cảnh về chuyện t&igrave;nh y&ecirc;u đau thương v&agrave; mất m&aacute;t. V&igrave; t&igrave;nh y&ecirc;u<em>,&nbsp;</em>cuối c&ugrave;ng n&agrave;ng Geisha đ&atilde; r&uacute;t kiếm để đ&acirc;m chết người m&igrave;nh thương. B&ecirc;n cạnh m&agrave;n tr&igrave;nh diễn l&ocirc;i cuốn, Phương Trinh Jolie c&ograve;n h&aacute;t tr&ograve;n trịa v&agrave; cảm x&uacute;c.</p>\r\n\r\n<table align=\"center\" border=\"0\" cellpadding=\"3\" cellspacing=\"0\">\r\n	<tbody>\r\n		<tr>\r\n			<td><img alt=\"thai-chau-dung-hinh-truoc-giong-hat-cua-phuong-trinh-jolie\" src=\"http://img.f9.giaitri.vnecdn.net/2017/02/24/phuong-trinh-jolie-1-2169-1487904814.jpg\" /></td>\r\n		</tr>\r\n		<tr>\r\n			<td>\r\n			<p>Phương Trinh Jolie m&uacute;a kiếm trong tiết mục.&nbsp;</p>\r\n			</td>\r\n		</tr>\r\n	</tbody>\r\n</table>\r\n\r\n<p>Gi&aacute;m khảo Th&aacute;i Ch&acirc;u nhận x&eacute;t: &quot;Em diễn qu&aacute; giỏi, khiến t&ocirc;i bị&nbsp;<em>&#39;</em>đứng h&igrave;nh&#39; mấy lần. T&ocirc;i kh&ocirc;ng ngờ giọng ca của em lại tuyệt vời đến như thế, c&oacute; n&eacute;t kh&agrave;n đặc biệt. Phương Trinh h&aacute;t rất hay, l&ecirc;n cao hay xuống thấp đều chuẩn&quot;.&nbsp;</p>\r\n\r\n<p>Trong khi đ&oacute;, gi&aacute;m khảo &Yacute; Lan khen sắc đẹp của Phương Trinh. Chị đ&atilde; đứng dậy để t&aacute;n thưởng giọng h&aacute;t nữ ca sĩ v&agrave; phần tr&igrave;nh diễn của th&iacute; sinh.</p>\r\n\r\n<p>Phương Trinh Jolie nhận được ba điểm 10 từ gi&aacute;m khảo danh ca&nbsp;Phương Dung, Th&aacute;i Ch&acirc;u, &Yacute; Lan&nbsp;v&agrave; điểm 9,5 từ gi&aacute;m khảo Phương Thanh. &quot;Chị Chanh&quot; n&oacute;i: &quot;T&ocirc;i l&agrave; gi&aacute;m khảo kh&oacute; t&iacute;nh, phần tr&igrave;nh diễn của em ho&agrave;n chỉnh nhưng trong mắt t&ocirc;i chưa thật sự ho&agrave;n hảo. T&ocirc;i cho em thiếu 0,5 điểm với mong muốn đ&oacute; l&agrave; động lực để những đ&ecirc;m thi sau em phải thực sự ho&agrave;n hảo, tuyệt vời hơn&quot;.</p>\r\n\r\n<p>Danh ca Th&aacute;i Ch&acirc;u đ&ograve;i &quot;xử đẹp&quot; Phương Thanh bằng thanh kiếm đạo cụ tr&igrave;nh diễn trong tiết mục v&igrave; chị kh&ocirc;ng chịu cho Phương Trinh điểm 10. D&ugrave; vậy,&nbsp;Phương Thanh vẫn giữ nguy&ecirc;n quyết định.</p>\r\n\r\n<p>Ở tập mở m&agrave;n n&agrave;y, chương tr&igrave;nh c&ograve;n c&oacute; c&aacute;c&nbsp;tiết mục biểu diễn của ca sĩ Hồng Mơ, Uy&ecirc;n Trang, L&acirc;m Vũ, Hồ Việt Trung v&agrave; Duy Trường.</p>\r\n\r\n<p>Tập hai với chủ đề&nbsp;<em>Sơn Tuyền&nbsp;</em>-&nbsp;<em>Những chuyện t&igrave;nh c&ocirc; đơn&nbsp;</em>sẽ ph&aacute;t s&oacute;ng ng&agrave;y 2/3.&nbsp;</p>', '2017-02-24 09:23:02', '2017-02-25 01:14:24', 1),
(16, 4, 'MC Anh Tuấn sẽ đi xe của Trần Lập diễu hành cùng bạn bè', 'mc-anh-tuan-se-di-xe-cua-tran-lap-dieu-hanh-cung-ban-be', 'http://giaitri.vnexpress.net', '3eTk_LQVk_czwh_16836703-10154561605318264-674-3076-2589-1487902787.jpg', 'Giám đốc sản xuất liveshow tưởng nhớ thủ lĩnh ban nhạc Bức Tường sẽ cùng mọi người diễu hành vào sáng 26/2.', '<p>MC Anh Tuấn sử dụng ch&iacute;nh chiếc xe của Trần Lập khi xưa để dẫn đầu đo&agrave;n diễu h&agrave;nh. Anh cho biết đ&acirc;y l&agrave; một c&aacute;ch m&igrave;nh &quot;mời&quot; người bạn th&acirc;n về xem show v&agrave; lan tỏa th&ocirc;ng điệp: &quot;V&igrave; một cộng đồng khỏe mạnh&quot;. Đại diện ban tổ chức khẳng định đo&agrave;n xe được tổ chức tự nguyện, chuy&ecirc;n nghiệp v&agrave; tuyệt đối t&ocirc;n trọng luật, đảm bảo an to&agrave;n giao th&ocirc;ng.</p>\r\n\r\n<p><strong>* Video: Bức Tường h&aacute;t &quot;Đường đến ng&agrave;y vinh quang&quot; trước mộ Trần Lập</strong></p>\r\n\r\n<p>&nbsp;</p>\r\n\r\n<p><iframe frameborder=\"0\" height=\"270\" id=\"player_119872_0\" src=\"http://video.vnexpress.net/parser.html?id=119872&amp;t=2&amp;ft=video&amp;si=1002691&amp;ap=0&amp;ishome=0&amp;player_id=119872_0&amp;articleId=3546137\" width=\"480\"></iframe></p>\r\n\r\n<p>&nbsp;</p>\r\n\r\n<p>Trong đ&aacute;m tang của ca sĩ Trần Lập v&agrave;o th&aacute;ng 3/2016, MC Anh Tuấn từng l&aacute;i chiếc xe m&ocirc;t&ocirc; y&ecirc;u th&iacute;ch của cố ca sĩ, dẫn đầu đo&agrave;n xe gồm c&aacute;c bạn b&egrave; th&acirc;n thiết tiễn đưa Trần Lập về nơi an nghỉ.</p>\r\n\r\n<table align=\"center\" border=\"0\" cellpadding=\"3\" cellspacing=\"0\">\r\n	<tbody>\r\n		<tr>\r\n			<td><img alt=\"mc-anh-tuan-se-di-xe-cua-tran-lap-dieu-hanh-cung-ban-be\" src=\"http://img.f9.giaitri.vnecdn.net/2017/02/24/16836703-10154561605318264-674-3076-2589-1487902787.jpg\" /></td>\r\n		</tr>\r\n		<tr>\r\n			<td>\r\n			<p>MC Anh Tuấn (h&agrave;ng đầu, giữa) v&agrave; bạn b&egrave; tổ chức diễu h&agrave;nh tr&ecirc;n đường phố để lấy kh&iacute; thế&nbsp;trước khi biểu diễn tưởng nhớ Trần Lập.</p>\r\n			</td>\r\n		</tr>\r\n	</tbody>\r\n</table>\r\n\r\n<p>Ng&agrave;y 23/2, T&ugrave;ng Dương c&ugrave;ng vợ Trần Lập - chị Ng&ocirc; Mai Hoa - đ&atilde; l&ecirc;n mộ thắp hương cho ca sĩ qu&aacute; cố. B&ecirc;n mộ<em>,&nbsp;</em>T&ugrave;ng Dương h&aacute;t ca kh&uacute;c&nbsp;<em>Hoa ban trắng</em>. Anh muốn<em>&nbsp;</em>ở đ&ecirc;m nhạc tới c&oacute; thể h&aacute;t thật hay, truyền được tinh thần của thủ lĩnh Bức Tường tới người h&acirc;m mộ.</p>\r\n\r\n<p>T&ugrave;ng Dương sẽ thể hiện 5 ca kh&uacute;c trong chương tr&igrave;nh lần n&agrave;y. &quot;T&ocirc;i thực sự đồng cảm với những ca từ m&agrave; Trần Lập v&agrave; Bức Tường s&aacute;ng t&aacute;c. Ch&uacute;ng l&agrave; những b&agrave;i h&aacute;t được nhiều thế hệ thuộc nằm l&ograve;ng. T&ocirc;i thấy ở đ&oacute; chứa đựng những năng lượng mạnh mẽ của tuổi trẻ v&agrave; sự cống hiến của người nghệ sĩ đ&iacute;ch thực tới cộng đồng&quot;, anh n&oacute;i.</p>\r\n\r\n<p>*Video<em>:</em>&nbsp;<strong>Trần Lập h&aacute;t &#39;B&ocirc;ng hồng thủy tinh&#39;</strong></p>\r\n\r\n<p>&nbsp;</p>\r\n\r\n<p><iframe frameborder=\"0\" height=\"270\" id=\"player_119844_1\" src=\"http://video.vnexpress.net/parser.html?id=119844&amp;t=2&amp;ft=video&amp;si=1002691&amp;ap=0&amp;ishome=0&amp;player_id=119844_1&amp;articleId=3546137\" width=\"480\"></iframe></p>\r\n\r\n<p>&nbsp;</p>\r\n\r\n<p>Anh Masaaki - kỹ sư &acirc;m thanh người Nhật, người mix nhạc cho nhiều liveshow của Bức Tường trước đ&acirc;y - đ&atilde; c&oacute; mặt tại H&agrave; Nội để chuẩn bị chương tr&igrave;nh. Masaaki sẽ đến mộ Trần Lập để thắp hương cho nam ca sĩ trước khi tr&igrave;nh diễn.</p>\r\n\r\n<table align=\"center\" border=\"0\" cellpadding=\"3\" cellspacing=\"0\">\r\n	<tbody>\r\n		<tr>\r\n			<td><img alt=\"mc-anh-tuan-se-di-xe-cua-tran-lap-dieu-hanh-cung-ban-be-1\" src=\"http://img.f9.giaitri.vnecdn.net/2017/02/24/IMG-4220-7889-1487902787.jpg\" /></td>\r\n		</tr>\r\n		<tr>\r\n			<td>\r\n			<p>T&ugrave;ng Dương v&agrave; vợ Trần Lập c&oacute; mặt tại mộ của nam ca sĩ.</p>\r\n			</td>\r\n		</tr>\r\n	</tbody>\r\n</table>\r\n\r\n<p>Trong liveshow, ban tổ chức cũng b&aacute;n đồ lưu niệm gắn với t&ecirc;n tuổi Bức Tường v&agrave; Trần Lập. Đ&oacute; l&agrave; &aacute;o ph&ocirc;ng in h&igrave;nh Trần Lập, bưu thiếp k&egrave;m lời ca nh&acirc;n văn, &yacute; nghĩa trong s&aacute;ng t&aacute;c của thủ lĩnh Bức Tường, v&ograve;ng đeo tay v&agrave; cuốn s&aacute;ch&nbsp;<em>Trần Lập b&ecirc;n kia Bức Tường</em>&nbsp;.</p>\r\n\r\n<p><em>Hẹn gặp lại</em>&nbsp;sẽ được tổ chức tại s&acirc;n vận động Quần Ngựa, H&agrave; Nội tối 26/2.</p>', '2017-02-24 09:24:20', '2017-02-25 01:14:08', 1);
INSERT INTO `news` (`id`, `category_id`, `title`, `alias`, `source`, `image`, `description`, `content`, `created_at`, `updated_at`, `status`) VALUES
(17, 4, 'Việt Trinh, Lý Hùng bị trêu \'không yêu vì quá hiểu nhau', 'viet-trinh-ly-hung-bi-treu-khong-yeu-vi-qua-hieu-nhau', 'http://giaitri.vnexpress.net', 'b5TH_Wgs3_19eI_viet-trinh-1-1487849012_660x0.jpg', 'Đôi bạn diễn một thời bị MC Hiếu Hiền trêu vì quá ăn ý khi làm việc chung nên cả hai không yêu nhau được.', '<p>Thứ s&aacute;u, 24/2/2017&nbsp;|&nbsp;07:28 GMT+7</p>\r\n\r\n<p>|</p>\r\n\r\n<h1>Việt Trinh, L&yacute; H&ugrave;ng bị tr&ecirc;u &#39;kh&ocirc;ng y&ecirc;u v&igrave; qu&aacute; hiểu nhau&#39;</h1>\r\n\r\n<h3>Đ&ocirc;i bạn diễn một thời bị MC Hiếu Hiền tr&ecirc;u v&igrave; qu&aacute; ăn &yacute; khi l&agrave;m việc chung n&ecirc;n cả hai kh&ocirc;ng y&ecirc;u nhau được.</h3>\r\n\r\n<ul>\r\n	<li><a href=\"http://giaitri.vnexpress.net/tin-tuc/truyen-hinh/ly-hung-nang-vay-cho-viet-trinh-3525610.html\" title=\"Lý Hùng nâng váy cho Việt Trinh\">L&yacute; H&ugrave;ng n&acirc;ng v&aacute;y cho Việt Trinh</a>&nbsp;/&nbsp;<a href=\"http://giaitri.vnexpress.net/tin-tuc/truyen-hinh/viet-trinh-ly-hung-cuoi-ngat-voi-tiet-muc-thay-boi-dong-tinh-3542510.html\" title=\"Việt Trinh, Lý Hùng cười ngất với tiết mục thầy bói đồng tính\">Việt Trinh, L&yacute; H&ugrave;ng cười ngất với tiết mục thầy b&oacute;i đồng t&iacute;nh</a></li>\r\n</ul>\r\n\r\n<p>&nbsp;</p>\r\n\r\n<p><iframe frameborder=\"0\" height=\"270\" id=\"player_119811_0\" src=\"http://video.vnexpress.net/parser.html?id=119811&amp;t=2&amp;ft=video&amp;si=1002691&amp;ap=0&amp;ishome=0&amp;player_id=119811_0&amp;articleId=3546019\" width=\"480\"></iframe></p>\r\n\r\n<p><br />\r\nVideo: L&yacute; H&ugrave;ng - Việt Trinh bị tr&ecirc;u về chuyện y&ecirc;u đương.</p>\r\n\r\n<p>&nbsp;</p>\r\n\r\n<p>&nbsp;</p>\r\n\r\n<p><img alt=\"Việt Trinh, Lý Hùng bị trêu \'không yêu vì quá hiểu nhau\'\" id=\"vne_slide_image_0\" src=\"http://img.f11.giaitri.vnecdn.net/2017/02/23/viet-trinh-1-1487849012_660x0.jpg\" />&nbsp;</p>\r\n\r\n<p>Trong tập ba game show&nbsp;<em>Cặp đ&ocirc;i h&agrave;i hước</em>, Việt Trinh (tr&aacute;i) v&agrave; L&yacute; H&ugrave;ng l&agrave;m gi&aacute;m khảo. Khi nhận x&eacute;t tiết mục kể về hai anh em bị mẹ bỏ rơi, nữ diễn vi&ecirc;n cho biết c&ocirc; kh&ocirc;ng đồng t&igrave;nh với c&aacute;ch th&iacute; sinh d&ugrave;ng h&igrave;nh ảnh người khuyết tật để g&acirc;y tiếng cười.&nbsp;</p>\r\n\r\n<p>&nbsp;</p>\r\n\r\n<p><img alt=\"Việt Trinh, Lý Hùng bị trêu \'không yêu vì quá hiểu nhau\'\" id=\"vne_slide_image_1\" src=\"http://img.f9.giaitri.vnecdn.net/2017/02/23/viet-trinh-2-1487849014_660x0.jpg\" />&nbsp;</p>\r\n\r\n<p>Tuy nhi&ecirc;n, đến phần chấm điểm, &quot;người đẹp T&acirc;y Đ&ocirc;&quot; vẫn thống nhất c&ugrave;ng L&yacute; H&ugrave;ng cho th&iacute; sinh điểm cao. L&yacute; H&ugrave;ng chia sẻ th&ecirc;m anh hiểu d&ugrave; Việt Trinh thường c&oacute; những nhận x&eacute;t nghi&ecirc;m khắc với th&iacute; sinh, c&ocirc; đều d&agrave;nh điều tốt nhất cho họ.</p>\r\n\r\n<p>MC Hiếu Hiền liền tr&ecirc;u cặp gi&aacute;m khảo bằng c&aacute;ch n&oacute;i với th&iacute; sinh: &quot;Ch&uacute;ng ta phải hiểu nhau mới l&agrave;m việc tốt. Giống như anh H&ugrave;ng với chị Trinh v&igrave;&nbsp;<a href=\"http://giaitri.vnexpress.net/photo/truyen-hinh/ly-hung-toi-tam-dau-y-hop-voi-viet-trinh-3530897.html\">rất hiểu nhau</a>&nbsp;n&ecirc;n đến giờ n&agrave;y vẫn kh&ocirc;ng đến được với nhau&quot;. C&acirc;u n&oacute;i đ&ugrave;a của Hiếu Hiền khiến d&agrave;n gi&aacute;m khảo v&agrave; kh&aacute;n giả trường quay cười rộ.</p>\r\n\r\n<p>&nbsp;</p>\r\n\r\n<p>&nbsp;</p>\r\n\r\n<p><img alt=\"Việt Trinh, Lý Hùng bị trêu \'không yêu vì quá hiểu nhau\'\" id=\"vne_slide_image_2\" src=\"http://img.f10.giaitri.vnecdn.net/2017/02/23/viet-trinh-3-1487849015_660x0.jpg\" />&nbsp;</p>\r\n\r\n<p>L&yacute; H&ugrave;ng mặc vest ăn &yacute; với &quot;t&igrave;nh nh&acirc;n m&agrave;n ảnh&quot; một thuở. Tr&ecirc;n ghế &quot;n&oacute;ng&quot;, cả hai đ&oacute;ng vai tr&ograve; nhận định s&acirc;u về chuy&ecirc;n m&ocirc;n diễn xuất.</p>\r\n\r\n<p>&nbsp;</p>\r\n\r\n<p><img alt=\"Việt Trinh, Lý Hùng bị trêu \'không yêu vì quá hiểu nhau\'\" id=\"vne_slide_image_3\" src=\"http://img.f9.giaitri.vnecdn.net/2017/02/23/viet-trinh-4-1487849016_660x0.jpg\" />&nbsp;</p>\r\n\r\n<p>Diễn vi&ecirc;n Tiến Khoa (tr&aacute;i) v&agrave; Don Nguyễn diễn cặp anh em đi t&igrave;m người mẹ bỏ rơi m&igrave;nh. Khi bắt gặp m&aacute;y quay của một k&ecirc;nh truyền h&igrave;nh, cả hai năn nỉ để được l&ecirc;n ti vi nhưng bị từ chối. Tiểu phẩm l&ecirc;n &aacute;n th&oacute;i sống ảo của một bộ phận giới trẻ.</p>\r\n\r\n<p>&nbsp;</p>\r\n\r\n<p><img alt=\"Việt Trinh, Lý Hùng bị trêu \'không yêu vì quá hiểu nhau\'\" id=\"vne_slide_image_4\" src=\"http://img.f10.giaitri.vnecdn.net/2017/02/23/viet-trinh-5-1487849017_660x0.jpg\" />&nbsp;</p>\r\n\r\n<p>Cặp vợ chồng soạn giả T&ocirc; Thi&ecirc;n Kiều (tr&aacute;i) - nghệ sĩ L&ecirc; H&ugrave;ng diễn vai hai nghệ sĩ chuy&ecirc;n h&aacute;t đ&aacute;m ma. Để tổ chức c&aacute;c liveshow kỳ quặc cho người qu&aacute; cố, họ vay mượn khắp nơi v&agrave; bị c&aacute;c chủ nợ h&agrave;nh hạ.</p>\r\n\r\n<p>&nbsp;</p>\r\n\r\n<p><img alt=\"Việt Trinh, Lý Hùng bị trêu \'không yêu vì quá hiểu nhau\'\" id=\"vne_slide_image_5\" src=\"http://img.f12.giaitri.vnecdn.net/2017/02/23/viet-trinh-6-1487849017_660x0.jpg\" />&nbsp;</p>\r\n\r\n<p>Ca sĩ Ch&acirc;u Gia Kiệt (tr&aacute;i) h&oacute;a th&agrave;nh một ch&agrave;ng trai m&ecirc; h&aacute;t, chấp nhận xa người y&ecirc;u để lập nghiệp v&agrave; được người bạn (giữa, Tuyền Mập đ&oacute;ng) gi&uacute;p đỡ.</p>\r\n\r\n<p>&nbsp;</p>\r\n\r\n<p><img alt=\"Việt Trinh, Lý Hùng bị trêu \'không yêu vì quá hiểu nhau\'\" id=\"vne_slide_image_6\" src=\"http://img.f12.giaitri.vnecdn.net/2017/02/23/viet-trinh-7-1487849019_660x0.jpg\" />&nbsp;</p>\r\n\r\n<p>Huy Nam (tr&aacute;i) v&agrave; Hải Yến h&oacute;a th&agrave;nh cặp th&iacute; sinh d&ugrave;ng đủ chi&ecirc;u tr&ograve; để được nổi tiếng tr&ecirc;n game show. Phần kết của tiết mục tiết lộ đ&ocirc;i nh&acirc;n vật muốn l&ecirc;n s&oacute;ng truyền h&igrave;nh để t&igrave;m lại cha. Tiểu phẩm gi&uacute;p đ&ocirc;i nghệ sĩ gi&agrave;nh giải nhất tuần với phần thưởng 20 triệu đồng. Tập bốn sẽ ph&aacute;t s&oacute;ng ng&agrave;y 1/3.</p>', '2017-02-24 09:25:51', '2017-02-25 01:13:53', 1),
(18, 4, 'Khánh Thi, Phan Hiển đưa con trai đi sự kiện', 'khanh-thi-phan-hien-dua-con-trai-di-su-kien', 'http://giaitri.vnexpress.net', 'cpsk_xN0n_qy4O_khanh-thi-5-6541-1487900570.jpg', 'Gia đình \"Kiện tướng dancesport\" diện đồ cùng tông tới dự buổi họp báo công bố cuộc thi nhan sắc mới, chiều 23/2 tại TP HCM.', '<p>Thứ s&aacute;u, 24/2/2017&nbsp;|&nbsp;09:29 GMT+7</p>\r\n\r\n<p>|</p>\r\n\r\n<h1><a href=\"http://giaitri.vnexpress.net/tin-tuc/gioi-sao/trong-nuoc/khanh-thi-phan-hien-dua-con-trai-di-su-kien-3546126.html#\">Kh&aacute;nh Thi</a>,&nbsp;<a href=\"http://giaitri.vnexpress.net/tin-tuc/gioi-sao/trong-nuoc/khanh-thi-phan-hien-dua-con-trai-di-su-kien-3546126.html#\">Phan Hiển đưa con trai đi sự kiện</a></h1>\r\n\r\n<h3>Gia đ&igrave;nh &quot;Kiện tướng dancesport&quot; diện đồ c&ugrave;ng t&ocirc;ng tới dự buổi họp b&aacute;o c&ocirc;ng bố cuộc thi nhan sắc mới, chiều 23/2 tại TP HCM.&nbsp;</h3>\r\n\r\n<ul>\r\n	<li><a href=\"http://giaitri.vnexpress.net/photo/trong-nuoc/khanh-thi-phan-hien-goi-banh-tet-ben-con-trai-3530572.html\" title=\"Khánh Thi, Phan Hiển gói bánh tét bên con trai\">Kh&aacute;nh Thi, Phan Hiển g&oacute;i b&aacute;nh t&eacute;t b&ecirc;n con trai</a>&nbsp;/&nbsp;<a href=\"http://giaitri.vnexpress.net/tin-tuc/gioi-sao/trong-nuoc/khanh-thi-phan-hien-hon-nhau-trong-hau-truong-3541625.html\" title=\"Khánh Thi, Phan Hiển hôn nhau trong hậu trường\">Kh&aacute;nh Thi, Phan Hiển h&ocirc;n nhau trong hậu trường</a>&nbsp;/&nbsp;<a href=\"http://giaitri.vnexpress.net/photo/trong-nuoc/khanh-thi-hon-phan-hien-duoi-anh-hoang-hon-3538767.html\" title=\"Khánh Thi hôn Phan Hiển dưới ánh hoàng hôn\">Kh&aacute;nh Thi h&ocirc;n Phan Hiển dưới &aacute;nh ho&agrave;ng h&ocirc;n</a></li>\r\n</ul>\r\n\r\n<table align=\"center\" border=\"0\" cellpadding=\"3\" cellspacing=\"0\">\r\n	<tbody>\r\n		<tr>\r\n			<td><img alt=\"khanh-thi-phan-hien-dua-con-trai-di-su-kien\" src=\"http://img.f9.giaitri.vnecdn.net/2017/02/24/khanh-thi-5-6541-1487900570.jpg\" /></td>\r\n		</tr>\r\n		<tr>\r\n			<td>\r\n			<p><a href=\"http://giaitri.vnexpress.net/tin-tuc/gioi-sao/trong-nuoc/khanh-thi-phan-hien-dua-con-trai-di-su-kien-3546126.html#\">Kh&aacute;nh Thi</a>&nbsp;trang điểm nhẹ, diện trang phục đơn giản đi&nbsp;<a href=\"http://giaitri.vnexpress.net/tin-tuc/gioi-sao/trong-nuoc/khanh-thi-phan-hien-dua-con-trai-di-su-kien-3546126.html#\">sự kiện</a>&nbsp;c&ugrave;ng &ocirc;ng x&atilde; v&agrave;&nbsp;<a href=\"http://giaitri.vnexpress.net/tin-tuc/gioi-sao/trong-nuoc/khanh-thi-phan-hien-dua-con-trai-di-su-kien-3546126.html#\">Ku Bi</a>.</p>\r\n			</td>\r\n		</tr>\r\n	</tbody>\r\n</table>\r\n\r\n<table align=\"center\" border=\"0\" cellpadding=\"3\" cellspacing=\"0\">\r\n	<tbody>\r\n		<tr>\r\n			<td><img alt=\"khanh-thi-phan-hien-dua-con-trai-di-su-kien-1\" src=\"http://img.f9.giaitri.vnecdn.net/2017/02/24/khanh-thi-8-8434-1487900570.jpg\" /></td>\r\n		</tr>\r\n		<tr>\r\n			<td>\r\n			<p><a href=\"http://giaitri.vnexpress.net/tin-tuc/gioi-sao/trong-nuoc/khanh-thi-phan-hien-dua-con-trai-di-su-kien-3546126.html#\">Con trai</a>&nbsp;của đ&ocirc;i vũ c&ocirc;ng tỏ ra dạn dĩ, li&ecirc;n tục đ&ograve;i bố mẹ cho ăn ở&nbsp;<a href=\"http://giaitri.vnexpress.net/tin-tuc/gioi-sao/trong-nuoc/khanh-thi-phan-hien-dua-con-trai-di-su-kien-3546126.html#\">sự kiện</a>.&nbsp;</p>\r\n			</td>\r\n		</tr>\r\n	</tbody>\r\n</table>\r\n\r\n<table align=\"center\" border=\"0\" cellpadding=\"3\" cellspacing=\"0\">\r\n	<tbody>\r\n		<tr>\r\n			<td><img alt=\"khanh-thi-phan-hien-dua-con-trai-di-su-kien-2\" src=\"http://img.f9.giaitri.vnecdn.net/2017/02/24/khanh-thi-4-8590-1487900570.jpg\" /></td>\r\n		</tr>\r\n		<tr>\r\n			<td>\r\n			<p><a href=\"http://giaitri.vnexpress.net/tin-tuc/gioi-sao/trong-nuoc/khanh-thi-phan-hien-dua-con-trai-di-su-kien-3546126.html#\">Ku Bi</a>&nbsp;tự nhi&ecirc;n đứng giữa đ&aacute;m đ&ocirc;ng uống sữa khiến nhiều người th&iacute;ch th&uacute;.&nbsp;</p>\r\n			</td>\r\n		</tr>\r\n	</tbody>\r\n</table>\r\n\r\n<table align=\"center\" border=\"0\" cellpadding=\"3\" cellspacing=\"0\">\r\n	<tbody>\r\n		<tr>\r\n			<td><img alt=\"khanh-thi-phan-hien-dua-con-trai-di-su-kien-3\" src=\"http://img.f9.giaitri.vnecdn.net/2017/02/24/khanh-thi-2-7073-1487900570.jpg\" /></td>\r\n		</tr>\r\n		<tr>\r\n			<td>\r\n			<p><a href=\"http://giaitri.vnexpress.net/tin-tuc/gioi-sao/trong-nuoc/khanh-thi-phan-hien-dua-con-trai-di-su-kien-3546126.html#\">Phan Hiển</a>&nbsp;cũng chăm s&oacute;c vợ ở&nbsp;<a href=\"http://giaitri.vnexpress.net/tin-tuc/gioi-sao/trong-nuoc/khanh-thi-phan-hien-dua-con-trai-di-su-kien-3546126.html#\">sự kiện</a>. Gần đ&acirc;y cả hai li&ecirc;n tục khoe h&igrave;nh ảnh gia đ&igrave;nh&nbsp;<a href=\"http://giaitri.vnexpress.net/photo/trong-nuoc/khanh-thi-hon-phan-hien-duoi-anh-hoang-hon-3538767.html\" target=\"_blank\">hạnh ph&uacute;c&nbsp;</a>với kh&aacute;n giả. Tr&ecirc;n s&acirc;n khấu, họ cũng l&agrave; đ&ocirc;i nhảy ăn &yacute;.</p>\r\n			</td>\r\n		</tr>\r\n	</tbody>\r\n</table>\r\n\r\n<p>*&nbsp;<em>Video</em>:&nbsp;<strong><a href=\"http://giaitri.vnexpress.net/tin-tuc/gioi-sao/trong-nuoc/khanh-thi-phan-hien-dua-con-trai-di-su-kien-3546126.html#\">Kh&aacute;nh Thi</a>,&nbsp;<a href=\"http://giaitri.vnexpress.net/tin-tuc/gioi-sao/trong-nuoc/khanh-thi-phan-hien-dua-con-trai-di-su-kien-3546126.html#\">Phan Hiển</a>&nbsp;nhảy tr&ecirc;n nền nhạc &quot;Em sẽ l&agrave; người ra đi&quot;</strong></p>\r\n\r\n<p>&nbsp;</p>\r\n\r\n<p><iframe frameborder=\"0\" height=\"270\" id=\"player_25881_0\" src=\"http://video.vnexpress.net/parser.html?id=25881&amp;t=2&amp;ft=video&amp;si=1002691&amp;ap=0&amp;ishome=0&amp;player_id=25881_0&amp;articleId=3546126\" width=\"480\"></iframe></p>\r\n\r\n<p>&nbsp;</p>\r\n\r\n<table align=\"center\" border=\"0\" cellpadding=\"3\" cellspacing=\"0\">\r\n	<tbody>\r\n		<tr>\r\n			<td><img alt=\"khanh-thi-phan-hien-dua-con-trai-di-su-kien-4\" src=\"http://img.f9.giaitri.vnecdn.net/2017/02/24/khanh-thi-3-7270-1487900570.jpg\" /></td>\r\n		</tr>\r\n		<tr>\r\n			<td>\r\n			<p>Vợ chồng đạo diễn Thanh Nh&acirc;n - DJ Wang Trần kết h&ocirc;n v&agrave;o năm ngo&aacute;i.</p>\r\n			</td>\r\n		</tr>\r\n	</tbody>\r\n</table>\r\n\r\n<table align=\"center\" border=\"0\" cellpadding=\"3\" cellspacing=\"0\">\r\n	<tbody>\r\n		<tr>\r\n			<td><img alt=\"Ca sĩ Nhật Tinh Anh tình tứ sánh đôi bạn gái Xuân Quỳnh.\" src=\"http://img.f9.giaitri.vnecdn.net/2017/02/24/khan-thi-11-6075-1487901802.jpg\" /></td>\r\n		</tr>\r\n		<tr>\r\n			<td>\r\n			<p>Ca sĩ Nhật Tinh Anh t&igrave;nh tứ s&aacute;nh đ&ocirc;i bạn g&aacute;i Xu&acirc;n Quỳnh.</p>\r\n			</td>\r\n		</tr>\r\n	</tbody>\r\n</table>', '2017-02-24 09:27:38', '2017-02-25 01:13:23', 1),
(19, 3, 'Đã có công cụ so sánh lịch sử giá sản phẩm trên các trang Tiki, Lazada, Adayroi', 'da-co-cong-cu-so-sanh-lich-su-gia-san-pham-tren-cac-trang-tiki-lazada-adayroi', 'http://genk.vn', 'rmYS_LXQn_4lho_photo1487757414699-1487757414710.png', 'Công cụ này sẽ giúp bạn lựa chọn được thời điểm mua hàng với mức giá hợp lý nhất cũng như săn được những sản phẩm đang được giảm giá mạnh nhất.', '<p>Đối với nhiều người, c&aacute;c nền tảng mua sắm online như Lazada, Tiki, Adayroi,&hellip; đ&atilde; trở th&agrave;nh điểm đến thường xuy&ecirc;n kh&ocirc;ng thua g&igrave; mua sắm offline truyền thống.</p>\r\n\r\n<p>C&ugrave;ng với sự phổ biến lan rộng, việc c&aacute;c site n&agrave;y li&ecirc;n tục tung ra những chiến dịch giảm gi&aacute;, săn deal qu&aacute; hấp dẫn cũng khiến người ti&ecirc;u d&ugrave;ng đau đầu kh&ocirc;ng biết n&ecirc;n mua g&igrave; bởi c&aacute;c đợt sale mạnh đ&ocirc;i khi cũng chỉ l&agrave; một chi&ecirc;u thức b&aacute;n h&agrave;ng nhằm qua mắt người mua về gi&aacute; trị thật của m&oacute;n h&agrave;ng.</p>\r\n\r\n<p>Nhiều sản phẩm được ghi l&agrave; giảm tới 50-70% nhưng thực chất đều đ&atilde; được người b&aacute;n thổi phồng gi&aacute; l&ecirc;n rồi gắn m&aacute;c sale để người d&ugrave;ng lầm tưởng l&agrave; vớ được m&oacute;n hời, tương tự như những g&igrave; ch&uacute;ng ta từng biết về c&aacute;c đợt sale tr&ecirc;n&nbsp;<a href=\"http://genk.vn/mua-sale-dang-den-hay-check-2-trang-web-cuc-huu-ich-nay-truoc-khi-dat-mua-hang-tren-amazon-20161122135500696.chn\" target=\"_blank\">Amazon</a>. Điều n&agrave;y cũng khiến bạn kh&oacute; l&ograve;ng biết được liệu đợt sale hiện tại của sản phẩm đ&atilde; phải l&agrave; mức gi&aacute; hời nhất để mua hay chưa.</p>\r\n\r\n<p>Giải ph&aacute;p cho vấn đề n&agrave;y l&agrave;&nbsp;<strong><a href=\"http://www.pricetracker.vn/\" rel=\"nofollow\" target=\"_blank\">Price Tracker</a></strong>&nbsp;&ndash; c&ocirc;ng cụ so s&aacute;nh biến động gi&aacute; sản phẩm theo từng thời điểm vừa được ch&iacute;nh nh&agrave; ph&aacute;t triển chia sẻ tr&ecirc;n một group của cộng đồng khởi nghiệp Việt Nam.</p>\r\n\r\n<p>C&ocirc;ng cụ n&agrave;y sẽ gi&uacute;p bạn lựa chọn được thời điểm mua h&agrave;ng với mức gi&aacute; hợp l&yacute; nhất cũng như săn được những sản phẩm đang được giảm gi&aacute; mạnh nhất để tiết kiệm ng&acirc;n s&aacute;ch mua sắm.</p>\r\n\r\n<p>Để sử dụng, bạn chỉ cần d&aacute;n link sản phẩm bất kỳ từ c&aacute;c site m&agrave; Price Tracker theo d&otilde;i dữ liệu gi&aacute; (bao gồm Lazada, Tiki v&agrave; Adayroi) l&ecirc;n thanh t&igrave;m kiếm. Bạn cũng c&oacute; thể xem ngay những sản phẩm đang được b&aacute;n ra với gi&aacute; thấp nhất trong lịch sử ngay tại trang chủ của Price Tracker.</p>\r\n\r\n<p>&nbsp;</p>\r\n\r\n<p><img alt=\"\" id=\"img_3dc1a940-f8e5-11e6-af71-f51b3aae1f33\" src=\"http://genknews.genkcdn.vn/2017/photo1487757414699-1487757414710.png\" /></p>\r\n\r\n<p>Nếu cần sử dụng thường xuy&ecirc;n để kiểm tra gi&aacute; b&aacute;n, h&atilde;y c&agrave;i th&ecirc;m&nbsp;<a href=\"https://chrome.google.com/webstore/detail/pricetrackervn/odnahhdhiifbeidmmgcgcklckdkcpfde\" rel=\"nofollow\" target=\"_blank\">tiện &iacute;ch Price Tracker cho tr&igrave;nh duyệt</a>. Mỗi lần cần theo d&otilde;i lịch sử gi&aacute;, bạn chỉ cần ấn v&agrave;o n&uacute;t tiện &iacute;ch ngay b&ecirc;n g&oacute;c phải m&agrave;n h&igrave;nh, rất tiện phải kh&ocirc;ng?</p>\r\n\r\n<p>&nbsp;</p>\r\n\r\n<p><img alt=\"\" id=\"img_3021a790-f8e5-11e6-af71-f51b3aae1f33\" src=\"http://genknews.genkcdn.vn/thumb_w/640/2017/photo1487757391551-1487757391566.png\" /></p>\r\n\r\n<p>Price Tracker sẽ cho bạn xem chi tiết qu&aacute; tr&igrave;nh l&ecirc;n xuống gi&aacute; của từng sản phẩm. Bạn cũng c&oacute; thể biết được gi&aacute; cao nhất trong lịch sử gi&aacute; của sản phẩm. Từ đ&oacute; gi&uacute;p bạn c&oacute; thể quyết định xem c&oacute; n&ecirc;n mua sản phẩm n&agrave;y ngay b&acirc;y giờ kh&ocirc;ng hay chờ th&ecirc;m một thời gian nữa hẵng mua.</p>\r\n\r\n<p>Chẳng hạn, với sản phẩm Smart Tivi Samsung 49 inch UA49K5500 đang hot tr&ecirc;n Tiki dưới đ&acirc;y, bạn c&oacute; thể thấy mức gi&aacute; đang sale l&agrave; 12.199.000 đồng, giảm tới 23% so với gi&aacute; gốc 15.900.000 đồng.</p>\r\n\r\n<p>&nbsp;</p>\r\n\r\n<p><img alt=\"\" id=\"img_50be5930-f8e5-11e6-af71-f51b3aae1f33\" src=\"http://genknews.genkcdn.vn/2017/photo1487757446459-1487757446468.png\" /></p>\r\n\r\n<p>Nhưng khi kiểm tra tr&ecirc;n Price Tracker, bạn sẽ nhận ra ng&agrave;y 8/2/2017, sản phẩm thậm ch&iacute; c&ograve;n được b&aacute;n ra với gi&aacute; thấp hơn l&agrave; 11.990.000 đồng. Vậy n&ecirc;n nếu muốn sở hữu chiếc TV với gi&aacute; hời nhất, bạn n&ecirc;n c&acirc;n nhắc chờ đợi th&ecirc;m một khoảng một khoảng thời gian nữa.</p>\r\n\r\n<p>&nbsp;</p>\r\n\r\n<p><img alt=\"\" id=\"img_14c04410-f8e6-11e6-b49a-e10163e92f04\" src=\"http://genknews.genkcdn.vn/2017/photo1487757775692-1487757775698.png\" /></p>\r\n\r\n<p>Nếu đăng k&yacute; một t&agrave;i khoản Price Tracker miễn ph&iacute;, người d&ugrave;ng sẽ kh&ocirc;ng cần phải thường xuy&ecirc;n v&agrave;o c&aacute;c trang b&aacute;n h&agrave;ng để xem mức gi&aacute; hiện tại của sản phẩm nữa. Khi sản phẩm được giảm gi&aacute; trong phạm vi gi&aacute; bạn c&oacute; thể mua, Price Tracker sẽ lập tức gửi th&ocirc;ng b&aacute;o cho bạn qua email.</p>\r\n\r\n<p>Theo lời t&aacute;c giả phần mềm, hiện Price Tracker hiện cập nhật gi&aacute; sản phẩm theo khung thời gian mặc định l&agrave; 12 giờ với sản phẩm chưa c&oacute; người theo d&otilde;i v&agrave; 3 giờ với sản phẩm đ&atilde; c&oacute; người theo d&otilde;i.</p>\r\n\r\n<p>Với chức năng tương tư như c&ocirc;ng cụ&nbsp;<a href=\"https://camelcamelcamel.com/\" rel=\"nofollow\" target=\"_blank\">Camelcamelcamel&nbsp;</a>đ&igrave;nh đ&aacute;m đối với Amazon, nh&igrave;n chung Price Tracker c&oacute; thể gi&uacute;p bạn y&ecirc;n t&acirc;m hơn mỗi khi click mua sản phẩm m&ugrave;a giảm gi&aacute;. Mặc d&ugrave; mới chỉ c&oacute; sẵn dữ liệu gi&aacute; từ Tiki, Lazada v&agrave; Adayroi v&agrave; đ&ocirc;i khi vẫn c&oacute; những sản phẩm chưa c&oacute; th&ocirc;ng tin đầy đủ nhưng rất hy vọng trong thời gian tới, Price Tracker được n&acirc;ng cấp để theo d&otilde;i được nhiều sản phẩm v&agrave; site b&aacute;n h&agrave;ng hơn.</p>', '2017-02-24 09:29:58', '2017-02-25 01:20:14', 1),
(20, 3, 'Biến những đường link dài dòng khô khan thành những hình ảnh emoji bắt mắt trước khi gửi cho bạn bè', 'bien-nhung-duong-link-dai-dong-kho-khan-thanh-nhung-hinh-anh-emoji-bat-mat-truoc-khi-gui-cho-ban-be', 'http://genk.vn', 'SsUf_Leba_nza7_9-1487589194460.png', 'Một “sáng kiến” khá hay và độc đáo khi chia sẻ URL cho bạn bè.', '<p>Như đ&atilde; biết th&igrave; c&aacute;c k&iacute; hiệu Emoji được thiết kế kh&aacute; ngộ nghĩnh v&agrave; dễ thương, v&agrave; phần lớn ch&uacute;ng điều được người d&ugrave;ng sử dụng trong c&aacute;c cuộc tr&ograve; chuyện như một h&igrave;nh thức thể hiện cảm x&uacute;c trong trường hợp &ldquo;từ ngữ kh&ocirc;ng thể diễn tả hết được t&acirc;m trạng&rdquo;.</p>\r\n\r\n<p>&nbsp;</p>\r\n\r\n<p><img alt=\"\" id=\"img_1594c860-f8b5-11e6-896b-17b31d47e829\" src=\"http://genknews.genkcdn.vn/2017/1-1487736726328.png\" /></p>\r\n\r\n<p><em>Vậy, c&acirc;u hỏi ở đ&acirc;y l&agrave; c&oacute; thể n&agrave;o &aacute;p dụng c&aacute;c k&iacute; hiệu Emoji v&agrave;o&hellip;c&aacute;c địa chỉ URL website thay cho c&aacute;c k&iacute; tự chữ c&aacute;i hay kh&ocirc;ng? C&acirc;u trả lời l&agrave; &ldquo;C&oacute;&rdquo;, v&agrave; sau đ&acirc;y sẽ l&agrave; hướng dẫn d&agrave;nh cho bạn.</em></p>\r\n\r\n<p>&nbsp;</p>\r\n\r\n<p><img alt=\"\r\nĐầu tiên, bạn hãy truy cập vào công cụ tạo URL bằng kí hiệu Emoji với tên gọi là Linkmoji tại đây.\r\n\" id=\"img_166d9c30-f8b5-11e6-af71-f51b3aae1f33\" src=\"http://genknews.genkcdn.vn/2017/2-1487736726330.png\" /></p>\r\n\r\n<p>Đầu ti&ecirc;n, bạn h&atilde;y truy cập v&agrave;o c&ocirc;ng cụ tạo URL bằng k&iacute; hiệu Emoji với t&ecirc;n gọi l&agrave; Linkmoji&nbsp;<strong><a href=\"http://www.linkmoji.co/\" rel=\"nofollow\" target=\"_blank\">tại đ&acirc;y.</a></strong></p>\r\n\r\n<p>&nbsp;</p>\r\n\r\n<p><img alt=\"\r\nTiếp theo bạn hãy nhập địa chỉ URL cần thay thế bằng kí hiệu Emoji vào “----“ và nhấn “CREATE LINKMOJI”\r\n\" id=\"img_16f4a680-f8b5-11e6-896b-17b31d47e829\" src=\"http://genknews.genkcdn.vn/2017/3-1487736726333.png\" /></p>\r\n\r\n<p>Tiếp theo bạn h&atilde;y nhập địa chỉ URL cần thay thế bằng k&iacute; hiệu Emoji v&agrave;o &ldquo;----&ldquo; v&agrave; nhấn &ldquo;CREATE LINKMOJI&rdquo;</p>\r\n\r\n<p>&nbsp;</p>\r\n\r\n<p><img alt=\"\r\nSau đó vài giây, Linkmoji sẽ tiến hành khởi tạo 2 URL mới rút gọn với nội dung là các kí hiệu Emoji. Lúc này bạn có thể tiến hành sao chép 1 trong 2 URL mới này và gửi đến bạn bè của mình. Trường hợp nếu muốn tự mình thiết lập kí hiệu Emoji cho URL, bạn hãy nhấn vào lựa chọn “CUSTOMIZE”.\r\n\" id=\"img_175a1f10-f8b5-11e6-896b-17b31d47e829\" src=\"http://genknews.genkcdn.vn/2017/4-1487736726337.png\" /></p>\r\n\r\n<p>Sau đ&oacute; v&agrave;i gi&acirc;y, Linkmoji sẽ tiến h&agrave;nh khởi tạo 2 URL mới r&uacute;t gọn với nội dung l&agrave; c&aacute;c k&iacute; hiệu Emoji. L&uacute;c n&agrave;y bạn c&oacute; thể tiến h&agrave;nh sao ch&eacute;p 1 trong 2 URL mới n&agrave;y v&agrave; gửi đến bạn b&egrave; của m&igrave;nh. Trường hợp nếu muốn tự m&igrave;nh thiết lập k&iacute; hiệu Emoji cho URL, bạn h&atilde;y nhấn v&agrave;o lựa chọn &ldquo;CUSTOMIZE&rdquo;.</p>\r\n\r\n<p>&nbsp;</p>\r\n\r\n<p><img alt=\"\r\nGiờ thì bạn tha hồ tùy biến địa chỉ URL của mình với hàng tá kí hiệu Emoji mà Linkmoji cung cấp rồi nhé.\r\n\" id=\"img_17a24ba0-f8b5-11e6-896b-17b31d47e829\" src=\"http://genknews.genkcdn.vn/2017/5-1487736726341.png\" /></p>\r\n\r\n<p>Giờ th&igrave; bạn tha hồ t&ugrave;y biến địa chỉ URL của m&igrave;nh với h&agrave;ng t&aacute; k&iacute; hiệu Emoji m&agrave; Linkmoji cung cấp rồi nh&eacute;.</p>\r\n\r\n<p>&nbsp;</p>\r\n\r\n<p><img alt=\"\r\nQuá tuyệt phải không?\r\n\" id=\"img_1819c590-f8b5-11e6-b49a-e10163e92f04\" src=\"http://genknews.genkcdn.vn/2017/6-1487736726345.png\" /></p>\r\n\r\n<p>Qu&aacute; tuyệt phải kh&ocirc;ng?</p>\r\n\r\n<p>Hi vọng b&agrave;i viết sẽ c&oacute; &iacute;ch cho bạn.</p>', '2017-02-24 09:31:12', '2017-02-25 01:20:39', 1),
(21, 3, '3 \"Tuyệt chiêu\" giúp tải nhanh bất kỳ video nào bạn muốn trên Facebook', '3-tuyet-chieu-giup-tai-nhanh-bat-ky-video-nao-ban-muon-tren-facebook', 'http://genk.vn', 'rAh4_RrcF_1-1487589194421.jpg', '\"Đau đầu, chóng mặt\" cho việc làm thế nào để tải video từ Facebook về máy tính? Hãy tham khảo bài viết này.', '<p>Tương tự như Youtube, Facebook kh&ocirc;ng cho ph&eacute;p người d&ugrave;ng c&oacute; thể tải về m&aacute;y t&iacute;nh c&aacute;c đoạn video được đăng tải bởi người d&ugrave;ng. Do đ&oacute;, để c&oacute; thể tải về, ch&uacute;ng ta thường d&ugrave;ng đến c&aacute;c c&ocirc;ng cụ v&agrave; dịch vụ của b&ecirc;n thứ 3.</p>\r\n\r\n<p>&nbsp;</p>\r\n\r\n<p><img alt=\"\" id=\"img_967aaca0-f75d-11e6-91a9-91ce504d7dc6\" src=\"http://genknews.genkcdn.vn/2017/1-1487589194421.jpg\" /></p>\r\n\r\n<p><em>B&agrave;i viết n&agrave;y sẽ gợi &yacute; cho bạn đọc 3 giải ph&aacute;p đơn giản nhất trong việc hỗ trợ tải nhanh bất kỳ video n&agrave;o được bạn b&egrave; hay người th&acirc;n đăng tải l&ecirc;n Facebook. Nếu quan t&acirc;m, mời tham khảo nội dung sau đ&acirc;y.</em></p>\r\n\r\n<p><strong>Chuyển sang phi&ecirc;n bản Facebook nền web d&agrave;nh cho nền tảng di động</strong></p>\r\n\r\n<p>N&oacute;i th&igrave; c&oacute; vẻ kh&oacute; hiểu nhưng đơn giản l&agrave; bạn chỉ việc thay thế &ldquo;www&rdquo; tr&ecirc;n thanh URL của b&agrave;i đăng video Facebook th&agrave;nh &ldquo;m&rdquo; l&agrave; xong. Cụ thể:</p>\r\n\r\n<p>&nbsp;</p>\r\n\r\n<p><img alt=\"\r\nThay đổi cụm từ “www” thành “m” và nhấn phím ENTER.\r\n\" id=\"img_97480ec0-f75d-11e6-91a9-91ce504d7dc6\" src=\"http://genknews.genkcdn.vn/2017/2-1487589194430.png\" /></p>\r\n\r\n<p>Thay đổi cụm từ &ldquo;<strong>www</strong>&rdquo; th&agrave;nh &ldquo;<strong>m</strong>&rdquo; v&agrave; nhấn ph&iacute;m ENTER.</p>\r\n\r\n<p>&nbsp;</p>\r\n\r\n<p><img alt=\"\r\nKhi bài đăng được chuyển sang phiên bản Mobile, bạn hãy nhấn vào nút Play để phát video.\r\n\" id=\"img_978bf590-f75d-11e6-b49a-e10163e92f04\" src=\"http://genknews.genkcdn.vn/2017/3-1487589194432.png\" /></p>\r\n\r\n<p>Khi b&agrave;i đăng được chuyển sang phi&ecirc;n bản Mobile, bạn h&atilde;y nhấn v&agrave;o n&uacute;t Play để ph&aacute;t video.</p>\r\n\r\n<p>&nbsp;</p>\r\n\r\n<p><img alt=\"\r\nTrong khi video đang phát, bạn hãy nhấn phải chuột vào khung Player và chọn lệnh “Lưu video thành…”.\r\n\" id=\"img_97ce07a0-f75d-11e6-91a9-91ce504d7dc6\" src=\"http://genknews.genkcdn.vn/2017/4-1487589194435.png\" /></p>\r\n\r\n<p>Trong khi video đang ph&aacute;t, bạn h&atilde;y nhấn phải chuột v&agrave;o khung Player v&agrave; chọn lệnh &ldquo;Lưu video th&agrave;nh&hellip;&rdquo;.</p>\r\n\r\n<p>&nbsp;</p>\r\n\r\n<p><img alt=\"\r\nCuối cùng, hãy chọn nơi lưu và “rung đùi” chờ video được tải về máy tính là xong.\r\n\" id=\"img_980ff2a0-f75d-11e6-91a9-91ce504d7dc6\" src=\"http://genknews.genkcdn.vn/2017/5-1487589194438.png\" /></p>\r\n\r\n<p>Cuối c&ugrave;ng, h&atilde;y chọn nơi lưu v&agrave; &ldquo;rung đ&ugrave;i&rdquo; chờ video được tải về m&aacute;y t&iacute;nh l&agrave; xong.</p>\r\n\r\n<p><strong>Sử dụng dịch vụ&nbsp;<a href=\"http://fbdown.net/\" rel=\"nofollow\" target=\"_blank\">Fbdown</a></strong></p>\r\n\r\n<p>Mặc d&ugrave; c&oacute; kh&aacute; nhiều dịch vụ web trực tuyến cung cấp khả hỗ trợ tải video từ Facebook, nhưng Fbdown được kh&aacute; nhiều người y&ecirc;u th&iacute;ch v&agrave; sử dụng hơn v&igrave; t&iacute;nh đơn giản m&agrave; n&oacute; mang lại. Cụ thể c&aacute;ch sử dụng như sau:</p>\r\n\r\n<p>&nbsp;</p>\r\n\r\n<p><img alt=\"\r\nTruy cập vào website Fbdown.\r\n\" id=\"img_984cd490-f75d-11e6-af71-f51b3aae1f33\" src=\"http://genknews.genkcdn.vn/2017/6-1487589194441.png\" /></p>\r\n\r\n<p>Truy cập v&agrave;o website Fbdown.</p>\r\n\r\n<p>&nbsp;</p>\r\n\r\n<p><img alt=\"\r\nDán đường dẫn bài viết video trên Facebook mà bạn cần tải vào ô trống “Enter Facebook Video URL…” và nhấn “Download”.\r\n\" id=\"img_988f0db0-f75d-11e6-b49a-e10163e92f04\" src=\"http://genknews.genkcdn.vn/2017/7-1487589194450.png\" /></p>\r\n\r\n<p>D&aacute;n đường dẫn b&agrave;i viết video tr&ecirc;n Facebook m&agrave; bạn cần tải v&agrave;o &ocirc; trống &ldquo;Enter Facebook Video URL&hellip;&rdquo; v&agrave; nhấn &ldquo;Download&rdquo;.</p>\r\n\r\n<p>&nbsp;</p>\r\n\r\n<p><img alt=\"\r\nChờ vài giây, dịch vụ sẽ tiến hành Get Link và cung cấp cho người dùng 2 lựa chọn tải video theo 2 dạng, chất lượng thông thường (Download Video in Normal Quality) và chất lượng cao (Download Video in HD).\r\n\" id=\"img_98ce1280-f75d-11e6-896b-17b31d47e829\" src=\"http://genknews.genkcdn.vn/2017/8-1487589194458.png\" /></p>\r\n\r\n<p>Chờ v&agrave;i gi&acirc;y, dịch vụ sẽ tiến h&agrave;nh Get Link v&agrave; cung cấp cho người d&ugrave;ng 2 lựa chọn tải video theo 2 dạng, chất lượng th&ocirc;ng thường (Download Video in Normal Quality) v&agrave; chất lượng cao (Download Video in HD).</p>\r\n\r\n<p>T&ugrave;y v&agrave;o lựa &yacute; muốn m&agrave; bạn chỉ việc nhấp v&agrave;o 1 trong 2 lựa chọn để tải video về m&aacute;y t&iacute;nh l&agrave; xong.</p>\r\n\r\n<p><strong>Sử dụng tiện &iacute;ch mở rộng Facbook Video Downloader d&agrave;nh cho Google Chrome</strong></p>\r\n\r\n<p>Nếu 2 c&aacute;ch tr&ecirc;n l&agrave;m bạn cảm thấy mất thời gian v&agrave; bạn đang d&ugrave;ng Google Chrome th&igrave; Facbook Video Downloader sẽ l&agrave; gợi &yacute; d&agrave;nh cho bạn. Cụ thể:</p>\r\n\r\n<p>&nbsp;</p>\r\n\r\n<p><img alt=\"\r\nHãy sử dụng trình duyệt Google Chrome và truy cập vào địa chỉ này cài đặt tiện ích mở rộng Facbook Video Downloader.\r\n\" id=\"img_994c1c20-f75d-11e6-af71-f51b3aae1f33\" src=\"http://genknews.genkcdn.vn/2017/9-1487589194460.png\" /></p>\r\n\r\n<p>H&atilde;y sử dụng tr&igrave;nh duyệt Google Chrome v&agrave; truy cập v&agrave;o&nbsp;<a href=\"https://chrome.google.com/webstore/detail/facebook-video-downloader/hcbjgndjpklmeefefcfhcbkkjadbopla?hl=vi\" rel=\"nofollow\" target=\"_blank\"><strong>địa chỉ n&agrave;y</strong>&nbsp;</a>c&agrave;i đặt tiện &iacute;ch mở rộng Facbook Video Downloader.</p>\r\n\r\n<p>&nbsp;</p>\r\n\r\n<p><img alt=\"\r\nSau khi cài đặt xong tiện ích, bạn hãy tắt hoàn toàn Google Chrome và mở lại. Truy cập vào địa chỉ bài đăng Facebook có video cần tải và nhấp vào biểu tượng Facbook Video Downloader ở thanh tiện ích và chờ vài giây.\r\n\" id=\"img_96c26400-f75d-11e6-af71-f51b3aae1f33\" src=\"http://genknews.genkcdn.vn/2017/10-1487589194467.png\" /></p>\r\n\r\n<p>Sau khi c&agrave;i đặt xong tiện &iacute;ch, bạn h&atilde;y tắt ho&agrave;n to&agrave;n Google Chrome v&agrave; mở lại. Truy cập v&agrave;o địa chỉ b&agrave;i đăng Facebook c&oacute; video cần tải v&agrave; nhấp v&agrave;o biểu tượng Facbook Video Downloader ở thanh tiện &iacute;ch v&agrave; chờ v&agrave;i gi&acirc;y.</p>\r\n\r\n<p>&nbsp;</p>\r\n\r\n<p><img alt=\"\r\nChờ vài giây và lựa chọn chất lượng video để tải về là xong.\r\n\" id=\"img_970427f0-f75d-11e6-af71-f51b3aae1f33\" src=\"http://genknews.genkcdn.vn/2017/11-1487589194471.png\" /></p>\r\n\r\n<p>Chờ v&agrave;i gi&acirc;y v&agrave; lựa chọn chất lượng video để tải về l&agrave; xong.</p>\r\n\r\n<p>Kh&aacute; đơn giản phải kh&ocirc;ng? Hi vọng b&agrave;i viết n&agrave;y sẽ c&oacute; &iacute;ch cho bạn.</p>', '2017-02-24 09:32:22', '2017-02-25 01:20:53', 1);
INSERT INTO `news` (`id`, `category_id`, `title`, `alias`, `source`, `image`, `description`, `content`, `created_at`, `updated_at`, `status`) VALUES
(22, 5, 'Nguy cơ về an ninh thông tin từ hệ điều hành', 'nguy-co-ve-an-ninh-thong-tin-tu-he-dieu-hanh', 'http://tuhocanninhmang.com', 'ClYL_jp8c_k4I7_image_209.jpg', 'Hệ điều hành là một phần mềm chạy trên máy tính và các thiết bị tương tự dùng để điều hành và quản lý các thiết bị phần cứng, và các tài nguyên phần mềm trên máy tính. Hệ điều hành đóng vai trò trung gian trong việc giao tiếp giữa người dùng và phần cứng máy tính ...', '<p><strong>I. Định nghĩa v&agrave; ph&acirc;n loại hệ điều h&agrave;nh</strong></p>\r\n\r\n<p><strong>1. Định nghĩa</strong><br />\r\n<br />\r\nHệ điều h&agrave;nh l&agrave; một phần mềm chạy tr&ecirc;n m&aacute;y t&iacute;nh v&agrave; c&aacute;c thiết bị tương tự d&ugrave;ng để điều h&agrave;nh v&agrave; quản l&yacute; c&aacute;c thiết bị phần cứng, v&agrave; c&aacute;c t&agrave;i nguy&ecirc;n phần mềm tr&ecirc;n m&aacute;y t&iacute;nh. Hệ điều h&agrave;nh đ&oacute;ng vai tr&ograve; trung gian trong việc giao tiếp giữa người d&ugrave;ng v&agrave; phần cứng m&aacute;y t&iacute;nh, cung cấp m&ocirc;i trường cho ph&eacute;p người sử dụng ph&aacute;t triển v&agrave; thực hiện c&aacute;c ứng dụng của họ một c&aacute;ch dễ d&agrave;ng.<br />\r\n<br />\r\n<strong>2. Ph&acirc;n loại</strong><br />\r\n<br />\r\nPh&acirc;n loại hệ điều h&agrave;nh c&oacute; nhiều c&aacute;ch ph&acirc;n loại: dưới g&oacute;c độ loại m&aacute;y t&iacute;nh, dưới g&oacute;c độ người sử dụng v&agrave; số chương tr&igrave;nh được sử dụng c&ugrave;ng l&uacute;c, c&aacute;c nền tảng sử dụng&hellip;&nbsp;<br />\r\n<br />\r\n<strong><em>Dưới g&oacute;c độ loại m&aacute;y t&iacute;nh:</em></strong></p>\r\n\r\n<ul>\r\n	<li>C&aacute;c nền tảng cho m&aacute;y PC:Windows, Unix,MacOS &hellip;</li>\r\n	<li>Nền tảng di động: IOS, Windowsphone, Android, Symbian &hellip;</li>\r\n	<li>Hệ điều h&agrave;nh nền điện to&aacute;n đ&aacute;m m&acirc;y: Windows Azure &hellip;</li>\r\n	<li>Hệ điều h&agrave;nh nh&uacute;ng cho c&aacute;c thiết bị PDA: Windows CE, Linux Embedded, QNX &hellip;</li>\r\n	<li>Hệ điều h&agrave;nh cho c&aacute;c m&aacute;y server: Windows Server, Linux&hellip;</li>\r\n	<li>Hệ điều h&agrave;nh cho c&aacute;c m&aacute;y chuy&ecirc;n biệt</li>\r\n	<li>Hệ điều h&agrave;nh cho c&aacute;c thẻ chip</li>\r\n</ul>\r\n\r\n<p><strong><em>Dưới g&oacute;c độ xử l&yacute; của hệ điều h&agrave;nh:</em></strong></p>\r\n\r\n<ul>\r\n	<li>Hệ điều h&agrave;nh đơn nhiệm: MS-DOS</li>\r\n	<li>Hệ điều h&agrave;nh đa nhiệm: C&aacute;c hệ điều h&agrave;nh Windows sau MS-DOS&hellip;</li>\r\n</ul>\r\n\r\n<p><strong>3. C&aacute;c th&agrave;nh phần của hệ điều h&agrave;nh</strong></p>\r\n\r\n<ul>\r\n	<li>Hệ thống quản l&yacute; tiến tr&igrave;nh : hệ thống quản l&yacute; tất cả c&aacute;c tiến tr&igrave;nh trong hệ thống, thứ tự thực hiện, việc lu&acirc;n chuyển giữa c&aacute;c nh&acirc;n xử l&yacute; hoặc chuyển tiếp tiến tr&igrave;nh.</li>\r\n	<li>Hệ thống quản l&yacute; bộ nhớ : quản l&yacute; th&ocirc;ng tin bộ nhớ của m&aacute;y t&iacute;nh gồm c&oacute; bộ nhớ tức thời (RAM) v&agrave; bộ nhớ lưu trữ (&ocirc; đĩa).</li>\r\n	<li>Hệ thống quản l&yacute; nhập xuất: hệ thống của hệ điều h&agrave;nh quản l&yacute; x&aacute;c thiết bị ngoại vi c&oacute; li&ecirc;n quan.</li>\r\n	<li>Hệ thống quản l&yacute; tập tin: Hệ thống quản l&yacute; c&aacute;c tập tin, thư mục, c&aacute;c tổ chức v&agrave; c&aacute;c quyền thực thi đối với từng đối tượng người d&ugrave;ng.</li>\r\n	<li>Hệ thống bảo vệ : Hệ thống bảo vệ an to&agrave;n hệ thống, c&aacute;c cơ chế ghi log, x&aacute;c thực người d&ugrave;ng.</li>\r\n	<li>Hệ thống dịch lệnh: hệ thống thực hiện chuyển c&aacute;c ng&ocirc;n ngữ hay c&aacute;c dữ liệu đầu v&agrave;o th&agrave;nh ng&ocirc;n ngữ m&agrave; m&aacute;y t&iacute;nh c&oacute; thể hiểu được.</li>\r\n	<li>Quản l&yacute; mạng: Quản l&yacute; c&aacute;c kết nối mạng, c&aacute;c xử l&yacute; kết nối, hệ thống tường lửa, hoặc c&aacute;c giao thức thực hiện.</li>\r\n</ul>\r\n\r\n<p><strong>4. Cơ chế x&aacute;c thực trong hệ điều h&agrave;nh</strong><br />\r\n<br />\r\nTrong hệ điều h&agrave;nh cung cấp cơ chế x&aacute;c thực người d&ugrave;ng theo cơ chế AAA (Authentication, Authorization, Accounting).<br />\r\n<br />\r\nVới một m&aacute;y t&iacute;nh được c&agrave;i hệ điều h&agrave;nh n&agrave;o đ&oacute;, th&igrave; việc bảo mật, kiểm tra v&agrave; điều khiển quyền truy nhập hệ thống l&agrave; điều kh&ocirc;ng thể thiếu. Ngay cả đối với m&aacute;y t&iacute;nh đ&oacute; chỉ c&oacute; một người sử dụng th&igrave; nếu bị tấn c&ocirc;ng m&agrave; hệ điều h&agrave;nh kh&ocirc;ng c&oacute; cơ chế ph&acirc;n quyền hay x&aacute;c thực người d&ugrave;ng th&igrave; khi đ&oacute; kẻ tấn c&ocirc;ng c&oacute; thể thực hiện bất k&igrave; điều g&igrave; m&agrave; kh&ocirc;ng bị cản trở. V&agrave; trong c&aacute;c hệ điều h&agrave;nh hiện nay cơ chế bảo mật v&agrave; điều khiển truy nhập AAA l&agrave; cơ chế để gi&aacute;m s&aacute;t những g&igrave; m&agrave; người d&ugrave;ng được thực hiện tr&ecirc;n hệ thống.</p>\r\n\r\n<p><strong>4.1. Authentication</strong></p>\r\n\r\n<p>X&aacute;c thực để nhận dạng (identity) người d&ugrave;ng. Trong suốt qu&aacute; tr&igrave;nh thực hiện Username v&agrave; password lu&ocirc;n được kiểm tra trong hệ thống đảm bảo người d&ugrave;ng đ&oacute; lu&ocirc;n được thực hiện đ&uacute;ng với quyền của m&igrave;nh.<br />\r\n<br />\r\n<strong>User authentication</strong><br />\r\n<br />\r\nHệ thống m&aacute;y t&iacute;nh thường x&aacute;c định v&agrave; x&aacute;c nhận người d&ugrave;ng trước khi cấp quyền cho họ.&nbsp;<br />\r\n<br />\r\nIdentification : họ l&agrave; ai?<br />\r\n<br />\r\nAuthentication: h&atilde;y chứng minh n&oacute; đi.<br />\r\n<br />\r\nX&aacute;c định v&agrave; x&aacute;c nhận l&agrave; c&aacute;ch dễ d&agrave;ng để ph&acirc;n biệt mỗi người với nhau. Đối với con người ch&uacute;ng ta c&oacute; thể ph&acirc;n biệt bạn b&egrave; của m&igrave;nh th&ocirc;ng qua khu&ocirc;n mặt hay giọng n&oacute;i của họ.<br />\r\nĐối với m&aacute;y t&iacute;nh kh&oacute; th&igrave; rất kh&oacute; khăn để n&oacute; c&oacute; thể x&aacute;c định được ai đang ngồi trước n&oacute;, hoặc truy cập từ xa nếu kh&ocirc;ng c&oacute; cơ chế x&aacute;c nhận v&agrave; x&aacute;c thực r&otilde; r&agrave;ng.<br />\r\n<br />\r\n<strong>X&aacute;c thực bằng Password</strong><br />\r\n<br />\r\nĐ&acirc;y c&oacute; lẽ l&agrave; h&igrave;nh thức được sử dụng l&acirc;u đời nhất v&agrave; phổ biến nhất trong c&aacute;c hệ thống m&aacute;y t&iacute;nh.<br />\r\nNgười d&ugrave;ng nhập v&agrave;o t&ecirc;n t&agrave;i khoản v&agrave; password tường ứng, c&oacute; thể được thử nhiều lần trong trường hợp c&oacute; lỗi xảy ra.<br />\r\n<br />\r\n<em>C&aacute;c vấn đề tồn tại</em>:</p>\r\n\r\n<ul>\r\n	<li>Kh&ocirc;ng thể phục hồi password đ&atilde; qu&ecirc;n.</li>\r\n	<li>Nhập password c&oacute; thể g&acirc;y sự bất tiện.</li>\r\n	<li>Nếu password bị lộ, th&igrave; c&aacute;c người d&ugrave;ng kh&aacute;c c&oacute; thể truy nhập v&agrave;o t&agrave;i nguy&ecirc;n hệ thống một c&aacute;ch tr&aacute;i ph&eacute;p. Trừ khi sử dụng nhiều cơ chế x&aacute;c thực.</li>\r\n	<li>Nếu password được chia sẻ giữa nhiều người việc cập nhật password sẽ trở n&ecirc;n kh&oacute; khăn.</li>\r\n</ul>\r\n\r\n<p><strong>4.2. Authorization</strong><br />\r\n<br />\r\nAuthorization được định nghĩa chung l&agrave; cho ph&eacute;p nh&agrave; quản trị điều khiển việc cấp quyền trong một khoảng thời gian, hay tr&ecirc;n từng thiết bị, từng nh&oacute;m, từng người d&ugrave;ng cụ thể hay tr&ecirc;n từng giao thức. Trong hệ điều h&agrave;nh ch&uacute;ng ta c&oacute; thể hiểu l&agrave; hệ thống sẽ x&aacute;c định thẩm quyền, những h&agrave;nh vi, hay quyền truy cập hệ thống của người d&ugrave;ng đ&atilde; được x&aacute;c thực. V&iacute; dụ: trong c&ugrave;ng một hệ thống phần mềm được sử dụng trong c&ocirc;ng ty, gi&aacute;m đốc sẽ c&oacute; quyền truy cập cao hơn c&aacute;c nh&acirc;n vi&ecirc;n cấp dưới, c&oacute; nhiều quyền hạn v&agrave; chức năng, xem c&aacute;c loại t&agrave;i liệu m&agrave; nh&acirc;n vi&ecirc;n cấp dưới kh&ocirc;ng thể xem được&hellip;<br />\r\n<br />\r\n<strong>4.3. Accounting</strong><br />\r\n<br />\r\nHay n&oacute;i c&aacute;ch kh&aacute;c hệ thống sẽ gi&aacute;m s&aacute;t v&agrave; lưu lại tất cả những g&igrave; m&agrave; người d&ugrave;ng đ&atilde; thực hiện từ khi bắt đầu đăng nhập v&agrave;o hệ thống. Từ thời gian đăng nhập ,thời gian đăng xuất, c&aacute;c c&acirc;u lệnh đ&atilde; thực hiện, c&aacute;c h&agrave;nh vi kh&aacute;c như copy hay x&oacute;a dữ liệu&hellip; Điều n&agrave;y giống như một thư k&yacute; của hệ thống, sẽ lu&ocirc;n ghi lại tất cả những g&igrave; m&agrave; người d&ugrave;ng thao t&aacute;c v&agrave; thực hiện tr&ecirc;n hệ thống, n&oacute; sẽ gi&uacute;p &iacute;ch rất nhiều cho qu&aacute; tr&igrave;nh theo d&otilde;i v&agrave; truy t&igrave;m c&aacute;c nguy&ecirc;n nh&acirc;n g&acirc;y mất an to&agrave;n hệ thống khi xảy ra.</p>\r\n\r\n<p><strong>II. C&aacute;c nguy cơ mất an to&agrave;n th&ocirc;ng tin hệ điều h&agrave;nh v&agrave; h&agrave;nh vi của hacker</strong></p>\r\n\r\n<p>Bất kỳ h&agrave;nh vi n&agrave;o muốn tấn c&ocirc;ng nhằm v&agrave;o hệ điều h&agrave;nh, để khai th&aacute;c hệ thống th&igrave; mục ti&ecirc;u v&agrave; mục đ&iacute;ch cần nhắm tới đối với hacker l&agrave; vượt qua cơ chế x&aacute;c thực, leo thang đặc quyền của m&igrave;nh, thực thi c&aacute;c h&agrave;nh vi mong muốn, sau đ&oacute; th&igrave; nhanh ch&oacute;ng x&oacute;a bỏ đi c&aacute;c dấu vết về sự x&acirc;m nhập của m&igrave;nh trong hệ thống.&nbsp;<br />\r\n<br />\r\nHiện nay c&oacute; kh&aacute; nhiều con đường m&agrave; hacker c&oacute; thể tiến h&agrave;nh tấn c&ocirc;ng v&agrave;o hệ điều h&agrave;nh, tuy nhi&ecirc;n d&ugrave; đi theo con đường n&agrave;o th&igrave; x&eacute;t theo mục đ&iacute;ch v&agrave; h&agrave;nh vi c&oacute; thể chia ra l&agrave;m c&aacute;c h&igrave;nh thức:</p>\r\n\r\n<ul>\r\n	<li>Tấn c&ocirc;ng t&agrave;i khoản quản trị</li>\r\n	<li>Race Conditions</li>\r\n	<li>C&aacute;c loại m&atilde; độc</li>\r\n	<li>Khai th&aacute;c lỗ hổng của phần mềm, hệ điều h&agrave;nh</li>\r\n</ul>\r\n\r\n<p><strong>1. Tấn c&ocirc;ng t&agrave;i khoản quản trị</strong><br />\r\n<br />\r\nTất cả c&aacute;c cuộc tấn c&ocirc;ng nhằm v&agrave;o hệ điều h&agrave;nh mục ti&ecirc;u cao nhất đều l&agrave; c&oacute; thể thực thi c&aacute;c chương tr&igrave;nh do hacker mong muốn. V&agrave; để c&oacute; thể thực hiện được h&agrave;nh vi n&agrave;y, hacker cần x&aacute;c thực được với hệ điều h&agrave;nh với một quyền truy cập c&agrave;ng cao trong hệ thống c&agrave;ng tốt. Với h&igrave;nh thức tấn c&ocirc;ng t&agrave;i khoản quản trị ch&uacute;ng ta thường l&agrave; đối với người c&oacute; thể tiếp cận trực tiếp với m&aacute;y nạn nh&acirc;n, hoặc c&oacute; thể thực hiện c&aacute;c điều khiển từ xa. Hiện nay c&oacute; nhiều h&igrave;nh thức x&aacute;c nhận t&agrave;i khoản, phổ biến nhất vẫn l&agrave; x&aacute;c nhận th&ocirc;ng qua username, password, ngo&agrave;i ra c&ograve;n c&oacute; c&aacute;c h&igrave;nh thức nhận dạng sinh trắc như: nhận dạn v&acirc;n tay, hay v&otilde;ng mạc.<br />\r\n<br />\r\nVới c&aacute;c h&igrave;nh thức nhận dạng bằng sinh trắc học hiện nay c&oacute; thể tạo giả được, tức l&agrave; kẻ tấn c&ocirc;ng cần thu thập được đầy đủ dữ liệu về nạn nh&acirc;n: sao ch&eacute;p được v&acirc;n tay của nạn nh&acirc;n v&agrave; tạo ra một ng&oacute;n tay giả chứa c&aacute;c v&acirc;n tay giống như vậy, đối với vong mạc th&igrave; tương tự. N&oacute;i chung th&igrave; h&igrave;nh thức n&agrave;y cần rất nhiều c&ocirc;ng sức, c&aacute;c biện ph&aacute;p kĩ c&ocirc;ng nghệ cao, v&agrave; tốn k&eacute;m mới c&oacute; thể l&agrave;m được. Trong phạm vi b&agrave;i nghi&ecirc;n cứu n&agrave;y ch&uacute;ng ta sẽ sẽ t&igrave;m hiểu c&aacute;c h&igrave;nh thức tấn c&ocirc;ng với t&agrave;i khoản v&agrave; mật khẩu truyền thống, h&igrave;nh thức phổ biến nhất hiện nay. H&igrave;nh dưới minh họa cho c&aacute;c bước tấn c&ocirc;ng của một cuộc tấn c&ocirc;ng login Spoofing.</p>\r\n\r\n<p><a href=\"http://forum.whitehat.vn/attachment.php?attachmentid=219&amp;d=1384758723\" id=\"attachment219\" rel=\"nofollow\"><img alt=\"Click image for larger version. Name:	image001.jpg Views:	125 Size:	43.0 KB ID:	219\" src=\"http://forum.whitehat.vn/attachment.php?attachmentid=219&amp;d=1384758723&amp;thumb=1\" title=\"Click image for larger version. Name:	image001.jpg Views:	125 Size:	43.0 KB ID:	219\" /></a><br />\r\n<br />\r\n<em>C&aacute;c bước tấn c&ocirc;ng t&agrave;i khoản quản trị</em></p>\r\n\r\n<p><strong>1.1. Bẻ kh&oacute;a mật khẩu</strong><br />\r\n<br />\r\nCh&uacute;ng ta sẽ x&eacute;t ri&ecirc;ng với phương ph&aacute;p x&aacute;c định người d&ugrave;ng c&oacute; l&acirc;u đời nhất v&agrave; cũng phổ biến nhất l&agrave; x&aacute;c nhận bằng mật khẩu ở dạng k&yacute; tự. Đối với một người d&ugrave;ng hệ thống th&igrave; ch&uacute;ng ta c&oacute; thể thấy sẽ c&oacute; những loại mật khẩu như sau:</p>\r\n\r\n<ul>\r\n	<li>Chỉ l&agrave; chữ c&aacute;i:&nbsp;<em>abcdefg</em></li>\r\n	<li>Chỉ l&agrave; số:&nbsp;<em>23698217</em></li>\r\n	<li>Chỉ l&agrave; những k&yacute; tự đặc biệt:&nbsp;<em>&amp;*#@!(%)</em></li>\r\n	<li>Chữ c&aacute;i v&agrave; số:&nbsp;<em>galaxy23</em></li>\r\n	<li>Chỉ l&agrave; số v&agrave; k&yacute; tự đặc biệt:&nbsp;<em>123@$45</em></li>\r\n	<li>Chữ c&aacute;i ,số, v&agrave; k&yacute; tự đặc biệt:&nbsp;<em>ap1@52</em></li>\r\n	<li>Chữ c&aacute;i v&agrave; c&aacute;c k&yacute; tự đặc biệt:&nbsp;<em>bob&amp;ba</em></li>\r\n</ul>\r\n\r\n<p>C&aacute;c kĩ thuật hacker thường sử dụng để d&ograve; mật khẩu người d&ugrave;ng:&nbsp;</p>\r\n\r\n<p><a href=\"http://forum.whitehat.vn/attachment.php?attachmentid=220&amp;d=1384759399\" id=\"attachment220\" rel=\"nofollow\"><img alt=\"Click image for larger version. Name:	image002.jpg Views:	124 Size:	68.5 KB ID:	220\" src=\"http://forum.whitehat.vn/attachment.php?attachmentid=220&amp;d=1384759399&amp;thumb=1\" title=\"Click image for larger version. Name:	image002.jpg Views:	124 Size:	68.5 KB ID:	220\" /></a><br />\r\n<br />\r\n<em>Tấn c&ocirc;ng mật khẩu</em></p>\r\n\r\n<ul>\r\n	<li>Tấn c&ocirc;ng từ điển: Sử dụng một từ điển c&oacute; sẵn để d&ograve; password.</li>\r\n	<li>Brute-Force: Thử tất cả c&aacute;c trường hợp c&oacute; thể l&agrave; password từ một tập c&aacute;c k&yacute; tự x&aacute;c định.</li>\r\n	<li>Tấn c&ocirc;ng lai: Trường hợp n&agrave;y nhằm hạn chế thời gian sử dụng từ điển nếu như đ&atilde; biết trước l&agrave; trong password c&oacute; đầu hoặc cuối l&agrave; một số k&iacute; tự n&agrave;o đ&oacute;.</li>\r\n	<li>Tấn c&ocirc;ng theo &acirc;m tiết: Đ&atilde; giới hạn được độ d&agrave;i của password th&igrave; c&oacute; thể kết hợp hai phương ph&aacute;p Brute-Force v&agrave; tấn c&ocirc;ng từ điển để cho kết quả tốt hơn.</li>\r\n	<li>Tấn c&ocirc;ng dựa tr&ecirc;n quy tắc: Được sử dụng khi hacker c&oacute; một số th&ocirc;ng tin về password th&igrave; c&oacute; thể c&oacute; c&aacute;c điều ch&iacute;nh ph&ugrave; hợp để r&uacute;t ngắn thời gian d&ograve; mật khẩu bằng từ điển hay Brute-Force.</li>\r\n</ul>\r\n\r\n<p><strong>V&iacute; dụ</strong>: Tấn c&ocirc;ng Brute-Force<br />\r\n<br />\r\nC&oacute; thể kiểm tra 350.000 từ password của Microsoft trong mỗi gi&acirc;y ở m&aacute;y 3-GHz Pentium 4.<br />\r\nVới password chỉ c&oacute; 8 k&yacute; tự sẽ c&oacute; 2.1011 trường hợp . Như vậy cần 600.000 gi&acirc;y hoặc 166 giờ để kiểm tra ch&uacute;ng.&nbsp;<br />\r\n<br />\r\nTuy nhi&ecirc;n, t&igrave;m kiếm v&eacute;t cạn giả định rằng mọi người đều chọn mật khẩu một c&aacute;ch ngẫu nhi&ecirc;n, nhưng thực tế th&igrave; thường kh&ocirc;ng như vậy.<br />\r\n<br />\r\nAttacker c&oacute; thể dựa v&agrave;o đ&oacute; để t&igrave;m ra nhanh hơn nhiều. Nếu c&oacute; một số th&ocirc;ng tin về mật khẩu th&igrave; c&oacute; thể sử dụng kết hợp nhiều phương ph&aacute;p để cho hiệu quả tốt hơn.<br />\r\n<br />\r\nTrong c&aacute;c hệ điều h&agrave;nh windows, nếu kẻ tấn c&ocirc;ng c&oacute; khả năng tiếp cận m&aacute;y nạn nh&acirc;n th&igrave; ch&uacute;ng c&oacute; khả năng tấn c&ocirc;ng mật khẩu dựa tr&ecirc;n cơ chế của hệ điều h&agrave;nh. Đ&oacute; l&agrave; t&igrave;m mật khẩu trực tiếp tr&ecirc;n hệ thống, trong Windows mật khẩu v&agrave; t&agrave;i khoản người d&ugrave;ng được lưu trong tập SAM trong thư mục &ldquo;windows/system32/config&rdquo;. B&igrave;nh thường th&igrave; kh&ocirc;ng thể truy cập được tập tin n&agrave;y, nhưng th&ocirc;ng qua c&aacute;c đĩa Hirent boot th&igrave; ho&agrave;n to&agrave;n c&oacute; thể mở ch&uacute;ng ta v&agrave; ph&acirc;n t&iacute;ch.<br />\r\n<br />\r\n<strong>1.2. Tấn c&ocirc;ng n&acirc;ng quyền</strong><br />\r\n<br />\r\nĐiều đầu ti&ecirc;n sau khi đ&atilde; c&oacute; được quyền đăng nhập v&agrave;o hệ thống với một t&agrave;i khoản n&agrave;o đ&oacute;, nhưng lại chưa c&oacute; quyền thực thi cao nhất. Hacker sẽ t&igrave;m c&aacute;ch để c&oacute; thể n&acirc;ng quyền truy cập của m&igrave;nh hơn nữa. Một trong những c&aacute;ch phổ biến l&agrave; tấn c&ocirc;ng v&agrave;o t&agrave;i khoản admin, hoặc c&aacute;c tiến tr&igrave;nh chạy với quyền admin. Khi đ&oacute; nếu hacker tấn c&ocirc;ng th&agrave;nh c&ocirc;ng th&igrave; ch&uacute;ng sẽ c&oacute; thể khai th&aacute;c dưới quyền cao nhất trong hệ thống. Với m&ocirc;i trường tấn c&ocirc;ng qua mạng th&igrave; sau đ&oacute; cần phải mở c&aacute;c backdoor để lần sau hacker c&oacute; thể dễ d&agrave;ng truy cập lại v&agrave;o m&aacute;y nạn nh&acirc;n.<br />\r\n<br />\r\n<strong>V&iacute; dụ</strong>: trong hệ điều h&agrave;nh Windows XP, c&oacute; h&igrave;nh thức khai th&aacute;c dựa tr&ecirc;n một chương tr&igrave;nh được t&iacute;ch hợp trong Windows: Khi người d&ugrave;ng nhần Shift 5 lần sẽ hiện ra StickyKey.&nbsp;</p>\r\n\r\n<p><a href=\"http://forum.whitehat.vn/attachment.php?attachmentid=226&amp;d=1384772282\" id=\"attachment226\" rel=\"nofollow\"><img alt=\"Click image for larger version. \r\n\r\nName:	image003.jpg \r\nViews:	117 \r\nSize:	35.2 KB \r\nID:	226\" src=\"http://forum.whitehat.vn/attachment.php?attachmentid=226&amp;d=1384772282&amp;thumb=1\" title=\"Click image for larger version. \r\n\r\nName:	image003.jpg \r\nViews:	117 \r\nSize:	35.2 KB \r\nID:	226\" /></a><br />\r\n<br />\r\n<em>StickyKey</em></p>\r\n\r\n<p><br />\r\nChương tr&igrave;nh n&agrave;y c&oacute; đặc điểm c&oacute; đặc điểm:</p>\r\n\r\n<ul>\r\n	<li>Nếu người d&ugrave;ng user1 đang đăng nhập m&agrave; thực hiện nhấn Shift 5 lần th&igrave; Windows sẽ lấy quyền của user1 để gọi StickyKey.</li>\r\n	<li>Nếu kh&ocirc;ng đăng nhập m&agrave; nhấn Shift 5 lần th&igrave; Windows sẽ lấy quyền của hệ thống(system) để gọi StickyKey.</li>\r\n</ul>\r\n\r\n<p><br />\r\nĐ&oacute; ch&iacute;nh l&agrave; đặc điểm ch&uacute;ng ta c&oacute; thể lợi dụng để khai th&aacute;c. C&aacute;c bước khai th&aacute;c như sau:<br />\r\n<br />\r\n<strong>Bước 1</strong>: Đăng nhập v&agrave;o hệ thống với quyền người d&ugrave;ng b&igrave;nh thường<br />\r\n<br />\r\n<strong>Bước 2</strong>: Thực hiện thay thế sethc.exe bằng cmd.exe. Thực hiện c&aacute;c c&acirc;u lệnh như sau:</p>\r\n\r\n<p>cd %systemroot%/system32<br />\r\nrename sethc.exe sethc.exe.bak<br />\r\ncopy cmd.exe sethc.exe /y</p>\r\n\r\n<p>Mục đ&iacute;ch l&agrave; sẽ đổi t&ecirc;n sethc trong thư mục Windows/system32 th&agrave;nh sethc.exe.bak, copy cmd.exe v&agrave; lưu với t&ecirc;n sethc.exe<br />\r\n<br />\r\n<strong>Bước 3</strong>: Khởi động lại m&aacute;y, đến m&agrave;n h&igrave;nh đăng nhập nhấn Shift 5 lần, nếu chương tr&igrave;nh Command Prompt được gọi thay v&igrave; StickyKey th&igrave; đ&atilde; th&agrave;nh c&ocirc;ng. Khi đ&oacute; c&oacute; thể thực hiện c&aacute;c c&acirc;u lệnh dưới quyền hệ thống.</p>\r\n\r\n<p><a href=\"http://forum.whitehat.vn/attachment.php?attachmentid=222&amp;d=1384759590\" id=\"attachment222\" rel=\"nofollow\"><img alt=\"Click image for larger version. \r\n\r\nName:	image004.jpg \r\nViews:	125 \r\nSize:	23.3 KB \r\nID:	222\" src=\"http://forum.whitehat.vn/attachment.php?attachmentid=222&amp;d=1384759590&amp;thumb=1\" title=\"Click image for larger version. \r\n\r\nName:	image004.jpg \r\nViews:	125 \r\nSize:	23.3 KB \r\nID:	222\" /></a><br />\r\n<br />\r\n<em>Thay thế StickyKey bởi CMD</em></p>\r\n\r\n<p><br />\r\nVới quyền hệ thống ch&uacute;ng ta c&oacute; thể thực hiện mọi t&aacute;c vụ m&agrave; kh&ocirc;ng gặp trở ngại g&igrave;, chằng hạn tạo một t&agrave;i khoản admin như sau: &ldquo;<em>net user [t&ecirc;n user] password</em>&rdquo;&nbsp;</p>\r\n\r\n<p>Nếu muốn ẩn t&agrave;i khoản n&agrave;y đi:</p>\r\n\r\n<ul>\r\n	<li>V&agrave;o register :&nbsp;<em>[HKEY_LOCAL_MACHINE\\SOFTWARE\\ Microsoft\\Windows NT\\CurrentVersion\\ Winlogon\\ SpecialAccounts\\UserList]</em></li>\r\n	<li>Tạo mới một&nbsp;<em>DWORD</em></li>\r\n</ul>\r\n\r\n<p><br />\r\nNhư vậy, ta đ&atilde; tạo t&agrave;i khoản quản trị Administrator v&agrave; ẩn&nbsp;</p>\r\n\r\n<p><a href=\"http://forum.whitehat.vn/attachment.php?attachmentid=223&amp;d=1384759661\" id=\"attachment223\" rel=\"nofollow\"><img alt=\"Click image for larger version. Name:	image005.jpg Views:	123 Size:	64.8 KB ID:	223\" src=\"http://forum.whitehat.vn/attachment.php?attachmentid=223&amp;d=1384759661&amp;thumb=1\" title=\"Click image for larger version. Name:	image005.jpg Views:	123 Size:	64.8 KB ID:	223\" /></a><br />\r\n<br />\r\n<em>V&iacute; dụ tăng quyền</em></p>\r\n\r\n<p>C&aacute;c bước qu&aacute; tr&igrave;nh tr&ecirc;n minh họa với việc n&acirc;ng quyền người d&ugrave;ng trong hệ thống. Tuy nhi&ecirc;n, nếu một kẻ xấu bất k&igrave; c&oacute; cơ hội tiếp x&uacute;c trực tiếp với m&aacute;y t&iacute;nh nạn nh&acirc;n th&igrave; họ c&oacute; thể sử dụng đĩa Hirent Boot để thực hiện c&aacute;c thao t&aacute;c thay thế sethc.exec bằng cmd.exe m&agrave; kh&ocirc;ng cần phải đăng nhập v&agrave;o hệ thống dưới bất k&igrave; t&agrave;i khoản n&agrave;o.<br />\r\n<br />\r\n<strong>1.3. Thực thi m&atilde; độc</strong><br />\r\n<br />\r\nSau khi đ&atilde; tăng quyền hạn th&agrave;nh c&ocirc;ng, điều tiếp theo m&agrave; hacker sẽ thực hiện l&agrave; thực thi c&aacute;c h&agrave;nh vi khai th&aacute;c hệ thống. Khi đ&oacute;, hacker c&oacute; thể thực hiện c&aacute;c h&agrave;nh vi lấy cắp th&ocirc;ng tin từ m&aacute;y nạn nh&acirc;n, chạy c&aacute;c m&atilde; độc tr&ecirc;n hệ thống để tự động gửi th&ocirc;ng tin từ người sử dụng cho hacker hoặc tạo ra c&aacute;c backdoor để c&oacute; thể truy cập lại bất cứ khi n&agrave;o. C&ugrave;ng với sự ph&aacute;t triển của internet th&igrave; c&aacute;c loại m&atilde; độc được tạo ra ng&agrave;y c&agrave;ng nhiều v&agrave; tinh vi hơn, v&agrave; mục ti&ecirc;u được nhắm tới cũng c&oacute; sự kh&aacute;c nhau.&nbsp;<br />\r\n<br />\r\nTh&ocirc;ng thường, hiện nay c&aacute;c h&agrave;nh vi tấn c&ocirc;ng thường c&oacute; mục đ&iacute;ch cụ thể như: ng&acirc;n h&agrave;ng, cơ quan ch&iacute;nh phủ &hellip; th&igrave; sẽ l&agrave; thu thập t&agrave;i liệu, th&ocirc;ng tin cần thiết từ dữ liệu của hệ thống. Với c&aacute;c h&agrave;nh vi tấn c&ocirc;ng kh&aacute;c cũng nhắm đến thu thập th&ocirc;ng tin, nhưng c&oacute; kh&aacute;c l&agrave; c&aacute;c dữ liệu c&aacute; nh&acirc;n c&oacute; li&ecirc;n quan đến c&aacute;c mục ti&ecirc;u đặc biệt: ăn cắp th&ocirc;ng tin t&agrave;i khoản ng&acirc;n h&agrave;ng nếu nạn nh&acirc;n thực hiện c&aacute;c giao dịch qua mạng tr&ecirc;n m&aacute;y bị c&agrave;i m&atilde; độc, hoặc trao đổi th&ocirc;ng tin với b&ecirc;n ngo&agrave;i. Hoặc cũng c&oacute; thể đơn giản tạo dựng c&aacute;c hệ thống botnet để tấn c&ocirc;ng DDoS.<br />\r\n<br />\r\nN&oacute;i chung th&igrave; t&ugrave;y thuộc v&agrave;o mục đ&iacute;ch của hacker m&agrave; ch&uacute;ng sẽ thực thi c&aacute;c h&agrave;nh vi kh&aacute;c nhau n&ecirc;n sẽ kh&ocirc;ng c&oacute; một h&agrave;nh vi chung, giống nhau tr&ecirc;n tất cả m&aacute;y t&iacute;nh kh&aacute;c nhau, hệ thống kh&aacute;c nhau.</p>\r\n\r\n<p><br />\r\n<strong>2. M&atilde; độc</strong><br />\r\n<br />\r\nM&atilde; độc l&agrave; c&aacute;c chương tr&igrave;nh hoạt động nhằm chống lại hoặc g&acirc;y tổn hại đến người d&ugrave;ng m&aacute;y t&iacute;nh. C&aacute;c chương tr&igrave;nh n&agrave;y thường l&agrave;m việc b&iacute; mật v&agrave; người d&ugrave;ng thường kh&ocirc;ng nhận ra sự hoạt động của ch&uacute;ng. Ch&uacute;ng c&oacute; thể giới hạn quyền của người d&ugrave;ng tới mức tối đa. Tất cả m&atilde; độc đều được c&aacute;c hacker d&ugrave;ng cho mục đ&iacute;ch ri&ecirc;ng n&agrave;o đ&oacute; của họ. Đa số c&aacute;c loại m&atilde; độc sau khi x&acirc;m nhập th&agrave;nh c&ocirc;ng v&agrave;o một m&aacute;y t&iacute;nh hay hệ thống m&aacute;y t&iacute;nh, hacker c&oacute; thể thiết lập quyền điều khiển từ xa RATs (Remote Adminitration Tools).</p>\r\n\r\n<p><a href=\"http://forum.whitehat.vn/attachment.php?attachmentid=224&amp;d=1384759732\" id=\"attachment224\" rel=\"nofollow\"><img alt=\"Click image for larger version. Name:	image006.jpg Views:	126 Size:	69.3 KB ID:	224\" src=\"http://forum.whitehat.vn/attachment.php?attachmentid=224&amp;d=1384759732&amp;thumb=1\" title=\"Click image for larger version. Name:	image006.jpg Views:	126 Size:	69.3 KB ID:	224\" /></a><br />\r\n<br />\r\n<em>Minh họa về m&atilde; độc</em></p>\r\n\r\n<p>Hacker c&oacute; thể lừa người d&ugrave;ng thực thi một chương tr&igrave;nh được cho l&agrave; an to&agrave;n, nhưng khi thực thi ch&uacute;ng th&igrave; cũng đồng thời thực hiện những chương tr&igrave;nh độc hại m&agrave; nạn nh&acirc;n kh&ocirc;ng hề nhận ra. Rất nhiều Virus, Worm được l&acirc;y lan v&agrave; ph&aacute;t t&aacute;n theo c&aacute;ch n&agrave;y. H&igrave;nh thức n&agrave;y chủ yếu l&agrave; c&aacute;c phần mềm giả mạo một c&aacute;ch tinh vi, hoặc c&aacute;c phần mềm được hacker tung ra dưới h&igrave;nh thức crack c&oacute; đ&iacute;nh k&egrave;m m&atilde; độc.<br />\r\n<br />\r\nC&aacute;ch thức thực hiện của hacker th&igrave; rất nhiều con đường: theo h&igrave;nh thức truyền thống th&igrave; c&aacute;c m&atilde; độc được ph&aacute;t t&aacute;n th&ocirc;ng qua c&aacute;c thiết bị lưu trữ di động như USB, ổ cứng di động. Đ&acirc;y l&agrave; h&igrave;nh thức ph&aacute;t t&aacute;n c&oacute; từ l&acirc;u đời v&agrave; hiện nay vẫn c&ograve;n phổ biến, c&aacute;c m&atilde; độc sẽ được l&acirc;y lan qua c&aacute;c m&aacute;y t&iacute;nh kh&aacute;c nhau nếu như tiếp x&uacute;c với thiết bị di động đ&atilde; bị nhiễm, v&agrave; m&aacute;y t&iacute;nh lại kh&ocirc;ng c&oacute; c&aacute;c biện ph&aacute;p nhận diện v&agrave; ngăn chặn ch&uacute;ng thực thi một c&aacute;ch tự động.&nbsp;<br />\r\n<br />\r\nHiện nay c&ugrave;ng với sự b&ugrave;ng nổ của internet th&igrave; việc ph&aacute;t t&aacute;n m&atilde; độc được c&oacute; một con đường hiệu quả hơn rất nhiều, đ&oacute; l&agrave; ph&aacute;t t&aacute;n qua m&ocirc;i trường internet: việc ph&aacute;t t&aacute;n c&oacute; thể l&agrave; một đường link được gửi cho nạn nh&acirc;n qua mail, c&aacute;c dịch vụ chat, hoặc dưới dạng c&aacute;c phần mềm crack đ&atilde; được hacker tạo ra. Khi nạn nh&acirc;n chỉ v&ocirc; t&igrave;nh, hoặc c&oacute; sự tin tưởng m&agrave; thực thi link đ&oacute;, hoặc phần mềm đ&oacute; th&igrave; m&aacute;y t&iacute;nh của họ đ&atilde; bị nhiễm m&atilde; độc. Đa số, c&aacute;ch n&agrave;y đều lợi dụng v&agrave;o sự tin tưởng của người d&ugrave;ng trong thực thi c&aacute;c phần mềm m&agrave; họ cho l&agrave; an to&agrave;n.&nbsp;<br />\r\n<br />\r\n<strong>3. Race Condition</strong><br />\r\n<br />\r\nRace Condition (t&igrave;nh trạng tương tranh) l&agrave; một h&igrave;nh thức khai th&aacute;c được sử dụng trong c&aacute;c hệ điều h&agrave;nh đa nhiệm hiện nay. Race Condition xảy ra trong giữa khoảng thời gian kiểm tra v&agrave; thời gian sử dụng. Tức l&agrave; sau khoảng thời gian kiểm tra th&igrave; dữ liệu bị thay đổi l&agrave;m mất hiệu lực c&aacute;c kết quả kiểm tra, dẫn tới c&oacute; sự sử dụng những dữ liệu kh&ocirc;ng hợp lệ.<br />\r\n<br />\r\n<strong>Nguy cơ</strong>:</p>\r\n\r\n<ul>\r\n	<li>Access control (kiểm so&aacute;t truy cập): Kẻ tấn c&ocirc;ng c&oacute; thể truy cập đến c&aacute;c t&agrave;i nguy&ecirc;n kh&ocirc;ng được ph&eacute;p</li>\r\n	<li>Authorization (ủy quyền): Race Condition c&oacute; thể được sử dụng để đạt được quyền đọc v&agrave; ghi v&agrave;o c&aacute;c nguồn t&agrave;i nguy&ecirc;n m&agrave; b&igrave;nh thường kh&ocirc;ng thể đọc hay ghi với quyền th&ocirc;ng thường.</li>\r\n	<li>Integrity (t&iacute;nh to&agrave;n vẹn): C&aacute;c nguồn t&agrave;i nguy&ecirc;n c&oacute; thể bị thay đổi theo những c&aacute;ch kh&ocirc;ng mong muốn bởi kẻ tấn c&ocirc;ng.</li>\r\n	<li>Accountability (tr&aacute;ch nhiệm): Nếu một tập tin hoặc t&agrave;i nguy&ecirc;n kh&aacute;c được ghi theo phương ph&aacute;p n&agrave;y, một c&aacute;ch kh&ocirc;ng hợp lệ th&igrave; c&oacute; thể kh&ocirc;ng c&oacute; log của hoạt động n&agrave;y.</li>\r\n	<li>Non-repudiation (kh&ocirc;ng tho&aacute;i th&aacute;c): Trong một số trường hợp, n&oacute; c&oacute; thể x&oacute;a c&aacute;c tập tin m&agrave; kẻ tấn c&ocirc;ng kh&ocirc;ng c&oacute; quyền truy cập tới chẳng hạn như c&aacute;c tập tin li&ecirc;n quan tới log.</li>\r\n</ul>\r\n\r\n<p>Một v&iacute; dụ kinh điển của một cuộc tấn c&ocirc;ng Race Condition l&agrave; trong qu&aacute; tr&igrave;nh đăng nhập của c&aacute;c hệ điều h&agrave;nh UNIX cũ. Khi một qu&aacute; tr&igrave;nh đăng nhập mới được tạo ra, tồn tại một khoảng thời gian ngắn khi qu&aacute; tr&igrave;nh mới đ&atilde; được chạy ở mức chế độ ưu ti&ecirc;n (hạt nhật hoặc root) v&agrave; chưa được chuyển sang chế độ người d&ugrave;ng b&igrave;nh thường. Nếu người sử dụng li&ecirc;n tục nhấn v&agrave;o ph&iacute;m tho&aacute;t khi đăng nhập, c&oacute; một khả năng nhỏ rằng sự thay đổi từ root cho ph&eacute;p người người sử dụng c&oacute; thể truy cập v&agrave;o to&agrave;n bộ hệ thống. Điều n&agrave;y phụ thuộc v&agrave;o việc xử l&yacute; ph&iacute;m tho&aacute;t xảy ra trước khi hoặc sau khi chuyển sang chế độ người d&ugrave;ng b&igrave;nh thường.<br />\r\n<br />\r\n<strong>4. Lỗ hổng phần mềm&nbsp;</strong><br />\r\n<br />\r\nĐ&acirc;y l&agrave; một h&igrave;nh thức tấn c&ocirc;ng phổ biến v&agrave; nhằm tới số lượng lớn người d&ugrave;ng. Đặc điểm l&agrave; hacker cần phải c&oacute; tr&igrave;nh độ nhất định về c&aacute;c khai th&aacute;c lổ hổng, đồng thời với đ&oacute; l&agrave; phải c&oacute; được lỗ hổng để khai th&aacute;c, dạng như 0-day. N&oacute;i l&agrave; &ldquo;dạng như&rdquo; bởi v&igrave; c&ograve;n nhiều h&igrave;nh thức tấn c&ocirc;ng kh&aacute;c dựa tr&ecirc;n những lỗi đ&atilde; được fix bởi nh&agrave; cung cấp nhưng c&oacute; thể victim chưa cập nhật. V&agrave; để thức tấn c&ocirc;ng hacker thường gửi c&aacute;c file thực thi, hoặc c&aacute;c đường link c&oacute; chứa m&atilde; độc th&ocirc;ng qua c&aacute;c h&igrave;nh thức như email hoặc chat đến người quản trị. Nếu họ cho ph&eacute;p thực thi hay nhấp chuột v&agrave;o c&aacute;c đường link đ&oacute; th&igrave; việc khai th&aacute;c theo kịch bản của hacker sẽ được thực hiện.<br />\r\n<strong>Đặc điểm</strong>:</p>\r\n\r\n<ul>\r\n	<li>Th&ocirc;ng qua c&aacute;c khai th&aacute;c dựa tr&ecirc;n lỗ hổng của hệ điều h&agrave;nh hoặc b&ecirc;n thứ 3 th&igrave; người d&ugrave;ng rất kh&oacute; ph&aacute;t hiện. Dựa v&agrave;o lỗ hổng n&agrave;y th&igrave; hacker c&oacute; thể c&agrave;i đặt l&ecirc;n m&aacute;y người d&ugrave;ng bất kể loại h&igrave;nh malware n&agrave;o. Nếu l&agrave; mục ti&ecirc;u cụ thể th&igrave; c&oacute; thể sau đ&oacute; malware sẽ mở backdoor, c&aacute;c keylogger, rootkit&hellip; để khai th&aacute;c th&ocirc;ng tin tr&ecirc;n m&aacute;y nạn nh&acirc;n.</li>\r\n	<li>C&aacute;c lỗ hổng thường xuất hiện trong c&aacute;c hệ thống quản l&yacute; của hệ điều h&agrave;nh. Thường th&igrave; đ&oacute; l&agrave; quản l&yacute; bộ nhớ. N&oacute; li&ecirc;n quan đến c&aacute;c c&aacute;ch cấp ph&aacute;t bộ nhớ của c&aacute;c ứng dụng m&agrave; sau đ&oacute; sẽ ph&aacute;t sinh ra lỗi, tận dụng lỗi n&agrave;y th&igrave; hacker c&oacute; c&aacute;c h&igrave;nh thức khai th&aacute;c kh&aacute;c nhau: Buffer over flow, Integer over flow, use after free&hellip;</li>\r\n	<li>Khi khai th&aacute;c dựa tr&ecirc;n lỗ hổng dạng n&agrave;y th&igrave; hacker dễ d&agrave;ng khai th&aacute;c ở quyền của người d&ugrave;ng hoặc cao hơn.</li>\r\n</ul>\r\n\r\n<p><strong>5. Che dấu vết t&iacute;ch</strong><br />\r\n<br />\r\nKhi hacker đ&atilde; x&acirc;m nhập th&agrave;nh c&ocirc;ng v&agrave;o hệ thống, điều được quan t&acirc;m thứ yếu sau khi khai th&aacute;c th&ocirc;ng tin l&agrave; l&agrave;m sao cho kh&ocirc;ng bị ph&aacute;t hiện. Che dấu đi tất cả những h&agrave;nh vi m&agrave; hacker đ&atilde; thực hiện, đồng thời cả việc đ&atilde; c&agrave;i đặt bất k&igrave; một chương tr&igrave;nh độc hại n&agrave;o đ&oacute;, đặc biệt l&agrave; backdoor để hắn c&oacute; thể trở lại th&acirc;m nhập hệ thống bất k&igrave; khi n&agrave;o. Khi đ&oacute; cần x&oacute;a tất cả những dịch vụ đ&atilde; sử dụng gần đ&acirc;y, x&oacute;a cookie, x&oacute;a bộ nhớ cache,tắt auto complete&hellip;<br />\r\n<br />\r\nTrong hệ điều h&agrave;nh Windows XP: Click chuột phải l&ecirc;n Properties ==&gt; Start ==&gt; menu==&gt; Customize ==&gt; Advance ==&gt; Clear list v&agrave; bỏ check &ldquo;list my most recently opened documents&rdquo; . Từ Registry:&nbsp;<em>HKCU\\Software\\Microsoft\\Windows\\CurentVersion\\Expl orer</em>&nbsp;v&agrave; x&oacute;a key &ldquo;Recent Docs&rdquo;.<br />\r\n<br />\r\nTrong hệ điều h&agrave;nh Windows hacker khi v&agrave;o được hệ thống sẽ lập tức tắt t&iacute;nh năng auditing, một t&iacute;nh năng ghi log của hệ thống.</p>\r\n\r\n<p><strong>III. C&aacute;c phương ph&aacute;p bảo vệ an to&agrave;n</strong></p>\r\n\r\n<p><strong>1. Bảo vệ mật khẩu&nbsp;</strong><br />\r\n<br />\r\nChọn mật khẩu mạnh: c&oacute; độ d&agrave;i &iacute;t nhất 8 k&yacute; tự, pha trộn giữa c&aacute;c chữ c&aacute;i, số, v&agrave; c&aacute;c k&yacute; tự đặc biệt, chọn chữ hoa chữ thường. Tr&aacute;nh sử dụng c&aacute;c cụm từ phổ biến (v&iacute; dụ:một c&acirc;u slogan n&agrave;o đ&oacute;). Để tr&aacute;nh dễ bị đo&aacute;n biết hoặc tấn c&ocirc;ng d&ograve; password.<br />\r\n<br />\r\nC&oacute; thể l&agrave;m cho cuộc tấn c&ocirc;ng kh&oacute; khăn hơn bằng c&aacute;ch sử dụng th&ecirc;m số v&agrave; c&aacute;c k&yacute; tự đặc biệt v&agrave;o trong mật khẩu.&nbsp;<br />\r\n<br />\r\nKh&ocirc;ng n&ecirc;n sử dụng một mật khẩu cho nhiều tiện &iacute;ch. Thường xuy&ecirc;n thay đổi mật khẩu, kh&ocirc;ng sử dụng lại những mật khẩu đ&atilde; từng sử dụng. Sử dụng c&aacute;c khoảng trắng cho mật khẩu.<br />\r\n<br />\r\nSử dụng c&aacute;c thiết bị m&aacute;y t&iacute;nh c&oacute; nhiều h&igrave;nh thức x&aacute;c thực kh&aacute;c nhau: x&aacute;c nhận dấu v&acirc;n tay (fingerprint) hoặc x&aacute;c nhận v&otilde;ng mạc &hellip; b&ecirc;n cạnh h&igrave;nh thức x&aacute;c thực mật khẩu th&ocirc;ng thường.<br />\r\n<br />\r\n<strong>2. Ngăn ngừa m&atilde; độc</strong><br />\r\n<br />\r\nMột c&acirc;u hỏi được đặt ra l&agrave; hệ điều h&agrave;nh hiện nay đ&atilde; l&agrave;m g&igrave; để hỗ trợ người d&ugrave;ng tr&aacute;nh c&aacute;c cuộc tấn c&ocirc;ng kiểu n&agrave;y. Hiện nay, trong đa số c&aacute;c hệ điều h&agrave;nh đều đ&atilde; cung cấp một giải ph&aacute;p đ&oacute; l&agrave; Sanboxes &ndash; Cung cấp một m&ocirc;i trường m&agrave; ở đ&oacute; c&aacute;c chương tr&igrave;nh c&oacute; thể được thực thi, nhưng lại kh&ocirc;ng g&acirc;y ảnh hưởng tới hệ thống. Nếu người d&ugrave;ng khi thực thi thấy an to&agrave;n th&igrave; c&oacute; thể cho chạy một c&aacute;ch b&igrave;nh thường. Nếu c&oacute; bất k&igrave; vấn đề g&igrave; kh&ocirc;ng như &yacute; muốn c&oacute; thể kết th&uacute;c n&oacute; một c&aacute;ch an to&agrave;n, m&agrave; kh&ocirc;ng g&acirc;y nguy hại cho m&aacute;y t&iacute;nh.<br />\r\n<br />\r\nMột c&aacute;ch hiệu quả hơn nữa l&agrave; người d&ugrave;ng c&oacute; thể thực thi c&aacute;c ứng dụng tr&ecirc;n một m&aacute;y kh&aacute;c hoặc trong m&aacute;y ảo để kiểm nghiệm t&iacute;nh hiệu quả của chương tr&igrave;nh trước khi chạy tr&ecirc;n m&aacute;y thật.<br />\r\n<br />\r\nHoặc đơn giản hơn nữa, mọi chương tr&igrave;nh thực thi đều cần được thực thi dưới quyền root. Khi đ&oacute;, nếu một chương tr&igrave;nh b&igrave;nh thường c&oacute; những dấu hiệu can thiệp s&acirc;u v&agrave;o hệ thống sẽ dễ d&agrave;ng bị ph&aacute;t hiện v&agrave; ngăn chặn. Chẳng hạn, chương tr&igrave;nh cố gắng ghi v&agrave;o c&aacute;c thanh ghi&hellip; m&agrave; chương tr&igrave;nh đ&oacute; kh&ocirc;ng hề cần can thiệp v&agrave;o thanh ghi th&igrave; ch&uacute;ng ta cũng c&oacute; thể chặn kh&ocirc;ng cho ch&uacute;ng thực hiện. Tron Windows Vista trở đi ch&uacute;ng ta c&oacute; thể bật UAC (User Account Control), khi một chương tr&igrave;nh c&oacute; can thiệp s&acirc;u v&agrave;o hệ thống, th&igrave; sẽ được hệ điều h&agrave;nh đưa ra c&aacute;c cảnh b&aacute;o.<br />\r\n<br />\r\n<strong>3. Ngăn ngừa Racing Conditions</strong><br />\r\n<br />\r\nĐể an to&agrave;n th&igrave; hệ điều h&agrave;nh phải cung cấp (v&agrave; c&aacute;c ứng dụng phải d&ugrave;ng) c&aacute;c hoạt động đồng bộ tinh vi để mở file, hoặc thực thi ứng dụng nhằm ngăn ngừa c&aacute;c hoạt động kh&aacute;c c&oacute; thể xen v&agrave;o giữa hai qu&aacute; tr&igrave;nh li&ecirc;n tiếp.<br />\r\n<br />\r\n<strong>4. Ngăn ngừa sự thực thi của c&aacute;c chương tr&igrave;nh độc hại lợi dụng c&aacute;c lỗ hổng phần mềm</strong><br />\r\n<br />\r\nDo sự khai th&aacute;c chủ yếu được dựa tr&ecirc;n c&aacute;c lỗi 0-day của c&aacute;c phần mềm hoặc c&aacute;c lỗ hổng chưa cập nhật c&aacute;c bản v&aacute; từ nh&agrave; ph&aacute;t triển, hoặc hệ điều h&agrave;nh n&ecirc;n người d&ugrave;ng kh&oacute; c&oacute; thể ph&ograve;ng tr&aacute;nh một c&aacute;ch chủ động ho&agrave;n to&agrave;n. Nhưng cũng kh&ocirc;ng c&oacute; nghĩa l&agrave; bỏ mặc, người d&ugrave;ng cần phải sử dụng c&aacute;c phần mềm c&oacute; đầy đủ bản quyền để nhận được sự hỗ trợ khi c&oacute; lỗi xảy ra v&agrave; thường xuy&ecirc;n cập nhật c&aacute;c bản v&aacute; mới nhất của nh&agrave; cung cấp.&nbsp;<br />\r\n<br />\r\n<strong>5. C&aacute;c biện ph&aacute;p chung</strong><br />\r\n<br />\r\nHiện nay với sự b&ugrave;ng nổ mạnh mẽ của internet v&agrave; sự phổ biến trong ứng dụng c&ocirc;ng nghệ th&ocirc;ng tin, m&agrave; hệ điều h&agrave;nh l&agrave; m&ocirc;i trường để người d&ugrave;ng c&oacute; thể dễ d&agrave;ng tương t&aacute;c với m&aacute;y t&iacute;nh th&igrave; vấn đề bảo mật ng&agrave;y c&agrave;ng được quan t&acirc;m. C&aacute;c nh&agrave; ph&aacute;t triển hệ điều h&agrave;nh v&agrave; nh&agrave; ph&aacute;t triển phần cứng ng&agrave;y c&agrave;ng c&oacute; nhiều sự hợp t&aacute;c hơn trong vấn đề bảo mật. Chẳng hạn, trong c&aacute;c hệ điều h&agrave;nh Windows XP trở đi với chip Intel hoặc AMD c&oacute; sự hỗ trợ của phần cứng đ&atilde; c&oacute; cơ chế /GS cookie v&agrave; DEP (Data Excution Prevention) để ngăn ngừa c&aacute;c khai th&aacute;c dựa tr&ecirc;n lỗi BOF của phần mềm. C&aacute;c hệ điều h&agrave;nh cũng c&oacute; nhiều cải tiến quan trọng trong bảo mật, như trong Mac OS v&agrave; Windows đ&atilde; c&oacute; cơ chế ASLR (Address Space Layout Randomization).&nbsp;<br />\r\n<br />\r\nTuy nhi&ecirc;n, bất kỳ một phần mềm n&agrave;o hay hệ điều h&agrave;nh n&agrave;o th&igrave; cũng c&oacute; những tồn tại ri&ecirc;ng của n&oacute;. Để đảm bảo an to&agrave;n hơn th&igrave; người d&ugrave;ng n&ecirc;n trang bị cho m&igrave;nh những phần mềm diệt Virus hiệu quả, những chương tr&igrave;nh Anti keylooger &hellip; V&agrave; cần trang bị cho m&igrave;nh những kiến thức cơ bản để c&oacute; thể cảnh gi&aacute;c trước những cuộc tấn c&ocirc;ng ng&agrave;y c&agrave;ng tăng theo thời gian.<br />\r\n<br />\r\nĐối với c&aacute;c hệ thống m&aacute;y chủ th&igrave; n&ecirc;n thực hiện việc quản trị server đ&oacute; dưới quyền của một user th&ocirc;ng thường của hệ điều h&agrave;nh. Kh&ocirc;ng n&ecirc;n đặt dưới quyền admin, v&igrave; nếu c&oacute; thể bị tấn c&ocirc;ng th&igrave; hacker cũng kh&ocirc;ng thể thực hiện tất cả c&aacute;c h&agrave;nh vi, cũng như kiểm so&aacute;t ho&agrave;n to&agrave;n m&aacute;y m&aacute;y chủ, như vậy sẽ hạn chế rất nhiều những thiệt hại.<br />\r\n<br />\r\nCũng đối với hệ thống m&aacute;y chủ, để an to&agrave;n cần được đặt trong kh&ocirc;ng gian c&oacute; c&aacute;ch ly vật l&yacute; đối với mọi người. Chỉ những người c&oacute; thẩm quyền mới được ph&eacute;p tiếp x&uacute;c với hệ thống. Nếu ai cũng tiếp cận với hệ thống dễ d&agrave;ng th&igrave; c&oacute; nhiều nguy cơ khai th&aacute;c trực tiếp: d&ograve; password, cố gắng thực hiện h&agrave;nh vi n&agrave;o đ&oacute; kh&ocirc;ng được ph&eacute;p.</p>\r\n\r\n<p><strong>IV. T&agrave;i liệu tham khảo</strong></p>\r\n\r\n<ul>\r\n	<li><a href=\"http://technet.microsoft.com/en-us/library/gg682116.aspx\" target=\"_blank\">http://technet.microsoft.com/en-us/l.../gg682116.aspx</a></li>\r\n	<li>Security and Operating Systems của đại học Columbia</li>\r\n	<li>Operating System Security</li>\r\n	<li>CEH v7 module 5 :System hacking</li>\r\n</ul>', '2017-02-24 09:37:40', '2017-02-25 01:18:45', 1);

-- --------------------------------------------------------

--
-- Cấu trúc bảng cho bảng `password_resets`
--

CREATE TABLE `password_resets` (
  `email` varchar(191) COLLATE utf8mb4_unicode_ci NOT NULL,
  `token` varchar(191) COLLATE utf8mb4_unicode_ci NOT NULL,
  `created_at` timestamp NULL DEFAULT NULL
) ENGINE=InnoDB DEFAULT CHARSET=utf8mb4 COLLATE=utf8mb4_unicode_ci;

-- --------------------------------------------------------

--
-- Cấu trúc bảng cho bảng `users`
--

CREATE TABLE `users` (
  `id` int(10) UNSIGNED NOT NULL,
  `username` varchar(191) COLLATE utf8mb4_unicode_ci NOT NULL,
  `password` varchar(191) COLLATE utf8mb4_unicode_ci NOT NULL,
  `email` varchar(191) COLLATE utf8mb4_unicode_ci NOT NULL,
  `remember_token` varchar(100) COLLATE utf8mb4_unicode_ci DEFAULT NULL,
  `created_at` timestamp NULL DEFAULT NULL,
  `updated_at` timestamp NULL DEFAULT NULL
) ENGINE=InnoDB DEFAULT CHARSET=utf8mb4 COLLATE=utf8mb4_unicode_ci;

--
-- Đang đổ dữ liệu cho bảng `users`
--

INSERT INTO `users` (`id`, `username`, `password`, `email`, `remember_token`, `created_at`, `updated_at`) VALUES
(1, 'lductrung92', '$2y$10$RfLPwOY06.sJXN1K5PMkCuD2IUFhPA4/qihD.lQs3fBmjtbtYa/9G', 'lductrung92@gmail.com', 'rgAUifBX9VF2mTtCRmgD4CvgHHoiBqY9gfqrPmQrqP6gttnAoZ49699hduo7', '2017-02-25 02:48:12', '2017-02-25 02:48:12');

--
-- Chỉ mục cho các bảng đã đổ
--

--
-- Chỉ mục cho bảng `categories`
--
ALTER TABLE `categories`
  ADD PRIMARY KEY (`id`),
  ADD UNIQUE KEY `categories_name_unique` (`name`),
  ADD KEY `categories_cate_group_id_foreign` (`cate_group_id`);

--
-- Chỉ mục cho bảng `cate_groups`
--
ALTER TABLE `cate_groups`
  ADD PRIMARY KEY (`id`),
  ADD UNIQUE KEY `cate_groups_name_unique` (`name`);

--
-- Chỉ mục cho bảng `migrations`
--
ALTER TABLE `migrations`
  ADD PRIMARY KEY (`id`);

--
-- Chỉ mục cho bảng `news`
--
ALTER TABLE `news`
  ADD PRIMARY KEY (`id`),
  ADD UNIQUE KEY `news_title_unique` (`title`),
  ADD KEY `news_category_id_foreign` (`category_id`);

--
-- Chỉ mục cho bảng `password_resets`
--
ALTER TABLE `password_resets`
  ADD KEY `password_resets_email_index` (`email`),
  ADD KEY `password_resets_token_index` (`token`);

--
-- Chỉ mục cho bảng `users`
--
ALTER TABLE `users`
  ADD PRIMARY KEY (`id`),
  ADD UNIQUE KEY `users_username_unique` (`username`);

--
-- AUTO_INCREMENT cho các bảng đã đổ
--

--
-- AUTO_INCREMENT cho bảng `categories`
--
ALTER TABLE `categories`
  MODIFY `id` int(10) UNSIGNED NOT NULL AUTO_INCREMENT, AUTO_INCREMENT=6;
--
-- AUTO_INCREMENT cho bảng `cate_groups`
--
ALTER TABLE `cate_groups`
  MODIFY `id` int(10) UNSIGNED NOT NULL AUTO_INCREMENT, AUTO_INCREMENT=5;
--
-- AUTO_INCREMENT cho bảng `migrations`
--
ALTER TABLE `migrations`
  MODIFY `id` int(10) UNSIGNED NOT NULL AUTO_INCREMENT, AUTO_INCREMENT=8;
--
-- AUTO_INCREMENT cho bảng `news`
--
ALTER TABLE `news`
  MODIFY `id` int(10) UNSIGNED NOT NULL AUTO_INCREMENT, AUTO_INCREMENT=23;
--
-- AUTO_INCREMENT cho bảng `users`
--
ALTER TABLE `users`
  MODIFY `id` int(10) UNSIGNED NOT NULL AUTO_INCREMENT, AUTO_INCREMENT=2;
--
-- Các ràng buộc cho các bảng đã đổ
--

--
-- Các ràng buộc cho bảng `categories`
--
ALTER TABLE `categories`
  ADD CONSTRAINT `categories_cate_group_id_foreign` FOREIGN KEY (`cate_group_id`) REFERENCES `cate_groups` (`id`);

--
-- Các ràng buộc cho bảng `news`
--
ALTER TABLE `news`
  ADD CONSTRAINT `news_category_id_foreign` FOREIGN KEY (`category_id`) REFERENCES `categories` (`id`);

/*!40101 SET CHARACTER_SET_CLIENT=@OLD_CHARACTER_SET_CLIENT */;
/*!40101 SET CHARACTER_SET_RESULTS=@OLD_CHARACTER_SET_RESULTS */;
/*!40101 SET COLLATION_CONNECTION=@OLD_COLLATION_CONNECTION */;
